sample_id,source_name,domain,language,compressor,rate,protected,mode,original_tokens,candidate_tokens,gross_saved_tokens,gross_saving_ratio,safe_effective_saved_tokens,safe_saving_ratio,guard_status,protected_spans,protected_retained,fallback,fallback_reason,latency_ms
m11-business-vi-safe-24,ContractNLI,business,vi,rule-based,0.33,True,R6_direct_compressor,427,323,104,0.24355971896955503,0,0.0,NOT_RUN,2,True,False,,0.2840000670403242
m11-business-vi-safe-24,ContractNLI,business,vi,rule-based,0.33,True,R7_direct_guard,427,323,104,0.24355971896955503,0,0.0,FAIL,2,True,False,,16.378300148062408
m11-business-vi-safe-24,ContractNLI,business,vi,rule-based,0.33,True,R8_api_guard,427,323,104,0.24355971896955503,0,0.0,FAIL,2,True,False,,17.856900114566088
m11-business-vi-safe-24,ContractNLI,business,vi,rule-based,0.33,True,R9_direct_api_guard,427,323,104,0.24355971896955503,0,0.0,FAIL,2,True,False,,18.140900181606412
m11-business-vi-safe-24,ContractNLI,business,vi,rule-based,0.33,False,R6_direct_compressor,427,323,104,0.24355971896955503,0,0.0,NOT_RUN,2,True,False,,0.19390007946640253
m11-business-vi-safe-24,ContractNLI,business,vi,rule-based,0.33,False,R7_direct_guard,427,323,104,0.24355971896955503,0,0.0,FAIL,2,True,False,,18.24490015860647
m11-business-vi-safe-24,ContractNLI,business,vi,rule-based,0.33,False,R8_api_guard,427,323,104,0.24355971896955503,0,0.0,FAIL,2,True,False,,17.574000055901706
m11-business-vi-safe-24,ContractNLI,business,vi,rule-based,0.33,False,R9_direct_api_guard,427,323,104,0.24355971896955503,0,0.0,FAIL,2,True,False,,17.76790013536811
m11-technical-vi-unsafe-13,technical_documentation,technical,vi,rule-based,0.33,True,R6_direct_compressor,70,70,0,0.0,0,0.0,NOT_RUN,2,True,False,,0.035100034438073635
m11-technical-vi-unsafe-13,technical_documentation,technical,vi,rule-based,0.33,True,R7_direct_guard,70,70,0,0.0,0,0.0,PASS,2,True,False,,1.2838999973610044
m11-technical-vi-unsafe-13,technical_documentation,technical,vi,rule-based,0.33,True,R8_api_guard,70,70,0,0.0,0,0.0,PASS,2,True,False,,2.12610000744462
m11-technical-vi-unsafe-13,technical_documentation,technical,vi,rule-based,0.33,True,R9_direct_api_guard,70,70,0,0.0,0,0.0,PASS,2,True,False,,2.1612000418826938
m11-technical-vi-unsafe-13,technical_documentation,technical,vi,rule-based,0.33,False,R6_direct_compressor,70,70,0,0.0,0,0.0,NOT_RUN,2,True,False,,0.023900065571069717
m11-technical-vi-unsafe-13,technical_documentation,technical,vi,rule-based,0.33,False,R7_direct_guard,70,70,0,0.0,0,0.0,PASS,2,True,False,,1.1551000643521547
m11-technical-vi-unsafe-13,technical_documentation,technical,vi,rule-based,0.33,False,R8_api_guard,70,70,0,0.0,0,0.0,PASS,2,True,False,,1.960200141184032
m11-technical-vi-unsafe-13,technical_documentation,technical,vi,rule-based,0.33,False,R9_direct_api_guard,70,70,0,0.0,0,0.0,PASS,2,True,False,,1.9841002067551017
m11-technical-en-safe-03,technical_documentation,technical,en,rule-based,0.33,True,R6_direct_compressor,25,25,0,0.0,0,0.0,NOT_RUN,2,True,False,,0.030099996365606785
m11-technical-en-safe-03,technical_documentation,technical,en,rule-based,0.33,True,R7_direct_guard,25,25,0,0.0,0,0.0,PASS,2,True,False,,1.0020999470725656
m11-technical-en-safe-03,technical_documentation,technical,en,rule-based,0.33,True,R8_api_guard,25,25,0,0.0,0,0.0,PASS,2,True,False,,1.9681999692693353
m11-technical-en-safe-03,technical_documentation,technical,en,rule-based,0.33,True,R9_direct_api_guard,25,25,0,0.0,0,0.0,PASS,2,True,False,,1.998299965634942
m11-technical-en-safe-03,technical_documentation,technical,en,rule-based,0.33,False,R6_direct_compressor,25,25,0,0.0,0,0.0,NOT_RUN,2,True,False,,0.018300022929906845
m11-technical-en-safe-03,technical_documentation,technical,en,rule-based,0.33,False,R7_direct_guard,25,25,0,0.0,0,0.0,PASS,2,True,False,,1.0415001306682825
m11-technical-en-safe-03,technical_documentation,technical,en,rule-based,0.33,False,R8_api_guard,25,25,0,0.0,0,0.0,PASS,2,True,False,,1.8547000363469124
m11-technical-en-safe-03,technical_documentation,technical,en,rule-based,0.33,False,R9_direct_api_guard,25,25,0,0.0,0,0.0,PASS,2,True,False,,1.8730000592768192
m11-business-en-safe-01,ContractNLI,business,en,rule-based,0.33,True,R6_direct_compressor,473,374,99,0.20930232558139536,0,0.0,NOT_RUN,5,True,False,,0.21979992743581533
m11-business-en-safe-01,ContractNLI,business,en,rule-based,0.33,True,R7_direct_guard,473,374,99,0.20930232558139536,0,0.0,FAIL,5,True,False,,15.618899837136269
m11-business-en-safe-01,ContractNLI,business,en,rule-based,0.33,True,R8_api_guard,473,374,99,0.20930232558139536,0,0.0,FAIL,5,True,False,,16.738599864766
m11-business-en-safe-01,ContractNLI,business,en,rule-based,0.33,True,R9_direct_api_guard,473,374,99,0.20930232558139536,0,0.0,FAIL,5,True,False,,16.958399792201817
m11-business-en-safe-01,ContractNLI,business,en,rule-based,0.33,False,R6_direct_compressor,473,277,196,0.4143763213530655,0,0.0,NOT_RUN,5,False,False,,0.19349996000528336
m11-business-en-safe-01,ContractNLI,business,en,rule-based,0.33,False,R7_direct_guard,473,277,196,0.4143763213530655,0,0.0,FAIL,5,False,False,,13.626799918711185
m11-business-en-safe-01,ContractNLI,business,en,rule-based,0.33,False,R8_api_guard,473,277,196,0.4143763213530655,0,0.0,FAIL,5,False,False,,14.474599855020642
m11-business-en-safe-01,ContractNLI,business,en,rule-based,0.33,False,R9_direct_api_guard,473,277,196,0.4143763213530655,0,0.0,FAIL,5,False,False,,14.668099815025926
m11-general-vi-unsafe-04,XNLI,general,vi,rule-based,0.33,True,R6_direct_compressor,11,11,0,0.0,0,0.0,NOT_RUN,0,True,False,,0.01759990118443966
m11-general-vi-unsafe-04,XNLI,general,vi,rule-based,0.33,True,R7_direct_guard,11,11,0,0.0,0,0.0,PASS,0,True,False,,0.2919998951256275
m11-general-vi-unsafe-04,XNLI,general,vi,rule-based,0.33,True,R8_api_guard,11,11,0,0.0,0,0.0,PASS,0,True,False,,1.0855000000447035
m11-general-vi-unsafe-04,XNLI,general,vi,rule-based,0.33,True,R9_direct_api_guard,11,11,0,0.0,0,0.0,PASS,0,True,False,,1.1030999012291431
m11-general-vi-unsafe-04,XNLI,general,vi,rule-based,0.33,False,R6_direct_compressor,11,11,0,0.0,0,0.0,NOT_RUN,0,True,False,,0.012699980288743973
m11-general-vi-unsafe-04,XNLI,general,vi,rule-based,0.33,False,R7_direct_guard,11,11,0,0.0,0,0.0,PASS,0,True,False,,0.25299994740635157
m11-general-vi-unsafe-04,XNLI,general,vi,rule-based,0.33,False,R8_api_guard,11,11,0,0.0,0,0.0,PASS,0,True,False,,0.8759000338613987
m11-general-vi-unsafe-04,XNLI,general,vi,rule-based,0.33,False,R9_direct_api_guard,11,11,0,0.0,0,0.0,PASS,0,True,False,,0.8886000141501427
m11-general-vi-safe-04,XNLI,general,vi,rule-based,0.33,True,R6_direct_compressor,40,40,0,0.0,0,0.0,NOT_RUN,4,True,False,,0.03869994543492794
m11-general-vi-safe-04,XNLI,general,vi,rule-based,0.33,True,R7_direct_guard,40,40,0,0.0,0,0.0,PASS,4,True,False,,1.0257998947054148
m11-general-vi-safe-04,XNLI,general,vi,rule-based,0.33,True,R8_api_guard,40,40,0,0.0,0,0.0,PASS,4,True,False,,2.1853999933227897
m11-general-vi-safe-04,XNLI,general,vi,rule-based,0.33,True,R9_direct_api_guard,40,40,0,0.0,0,0.0,PASS,4,True,False,,2.2240999387577176
m11-general-vi-safe-04,XNLI,general,vi,rule-based,0.33,False,R6_direct_compressor,40,40,0,0.0,0,0.0,NOT_RUN,4,True,False,,0.025699962861835957
m11-general-vi-safe-04,XNLI,general,vi,rule-based,0.33,False,R7_direct_guard,40,40,0,0.0,0,0.0,PASS,4,True,False,,0.9924998739734292
m11-general-vi-safe-04,XNLI,general,vi,rule-based,0.33,False,R8_api_guard,40,40,0,0.0,0,0.0,PASS,4,True,False,,1.7354999436065555
m11-general-vi-safe-04,XNLI,general,vi,rule-based,0.33,False,R9_direct_api_guard,40,40,0,0.0,0,0.0,PASS,4,True,False,,1.7611999064683914
m11-academic-vi-unsafe-10,SciFact,academic,vi,rule-based,0.33,True,R6_direct_compressor,438,378,60,0.136986301369863,0,0.0,NOT_RUN,11,True,False,,0.2601000014692545
m11-academic-vi-unsafe-10,SciFact,academic,vi,rule-based,0.33,True,R7_direct_guard,438,378,60,0.136986301369863,0,0.0,FAIL,11,True,False,,15.194799983873963
m11-academic-vi-unsafe-10,SciFact,academic,vi,rule-based,0.33,True,R8_api_guard,438,378,60,0.136986301369863,0,0.0,FAIL,11,True,False,,14.658599975518882
m11-academic-vi-unsafe-10,SciFact,academic,vi,rule-based,0.33,True,R9_direct_api_guard,438,378,60,0.136986301369863,0,0.0,FAIL,11,True,False,,14.918699976988137
m11-academic-vi-unsafe-10,SciFact,academic,vi,rule-based,0.33,False,R6_direct_compressor,438,229,209,0.4771689497716895,0,0.0,NOT_RUN,11,False,False,,0.15750003512948751
m11-academic-vi-unsafe-10,SciFact,academic,vi,rule-based,0.33,False,R7_direct_guard,438,229,209,0.4771689497716895,0,0.0,FAIL,11,False,False,,11.558700003661215
m11-academic-vi-unsafe-10,SciFact,academic,vi,rule-based,0.33,False,R8_api_guard,438,229,209,0.4771689497716895,0,0.0,FAIL,11,False,False,,12.852599960751832
m11-academic-vi-unsafe-10,SciFact,academic,vi,rule-based,0.33,False,R9_direct_api_guard,438,229,209,0.4771689497716895,0,0.0,FAIL,11,False,False,,13.010099995881319
m11-business-en-safe-11,ContractNLI,business,en,rule-based,0.33,True,R6_direct_compressor,405,395,10,0.024691358024691357,0,0.0,NOT_RUN,1,True,False,,0.18970004748553038
m11-business-en-safe-11,ContractNLI,business,en,rule-based,0.33,True,R7_direct_guard,405,395,10,0.024691358024691357,0,0.0,FAIL,1,True,False,,14.586700010113418
m11-business-en-safe-11,ContractNLI,business,en,rule-based,0.33,True,R8_api_guard,405,395,10,0.024691358024691357,0,0.0,FAIL,1,True,False,,17.01299997512251
m11-business-en-safe-11,ContractNLI,business,en,rule-based,0.33,True,R9_direct_api_guard,405,395,10,0.024691358024691357,0,0.0,FAIL,1,True,False,,17.20270002260804
m11-business-en-safe-11,ContractNLI,business,en,rule-based,0.33,False,R6_direct_compressor,405,201,204,0.5037037037037037,0,0.0,NOT_RUN,1,False,False,,0.3173999721184373
m11-business-en-safe-11,ContractNLI,business,en,rule-based,0.33,False,R7_direct_guard,405,201,204,0.5037037037037037,0,0.0,FAIL,1,False,False,,10.829300037585199
m11-business-en-safe-11,ContractNLI,business,en,rule-based,0.33,False,R8_api_guard,405,201,204,0.5037037037037037,0,0.0,FAIL,1,False,False,,13.623000006191432
m11-business-en-safe-11,ContractNLI,business,en,rule-based,0.33,False,R9_direct_api_guard,405,201,204,0.5037037037037037,0,0.0,FAIL,1,False,False,,13.94039997830987
m11-business-vi-unsafe-14,ContractNLI,business,vi,rule-based,0.33,True,R6_direct_compressor,463,216,247,0.5334773218142549,0,0.0,NOT_RUN,1,True,False,,0.2788000274449587
m11-business-vi-unsafe-14,ContractNLI,business,vi,rule-based,0.33,True,R7_direct_guard,463,216,247,0.5334773218142549,0,0.0,FAIL,1,True,False,,11.064100079238415
m11-business-vi-unsafe-14,ContractNLI,business,vi,rule-based,0.33,True,R8_api_guard,463,216,247,0.5334773218142549,0,0.0,FAIL,1,True,False,,12.372300028800964
m11-business-vi-unsafe-14,ContractNLI,business,vi,rule-based,0.33,True,R9_direct_api_guard,463,216,247,0.5334773218142549,0,0.0,FAIL,1,True,False,,12.651100056245923
m11-business-vi-safe-11,ContractNLI,business,vi,rule-based,0.33,True,R6_direct_compressor,421,411,10,0.023752969121140142,0,0.0,NOT_RUN,1,True,False,,0.1900000497698784
m11-business-vi-safe-11,ContractNLI,business,vi,rule-based,0.33,True,R7_direct_guard,421,411,10,0.023752969121140142,0,0.0,FAIL,1,True,False,,15.830000047571957
m11-business-vi-safe-11,ContractNLI,business,vi,rule-based,0.33,True,R8_api_guard,421,411,10,0.023752969121140142,0,0.0,FAIL,1,True,False,,15.765200019814074
m11-business-vi-safe-11,ContractNLI,business,vi,rule-based,0.33,True,R9_direct_api_guard,421,411,10,0.023752969121140142,0,0.0,FAIL,1,True,False,,15.955200069583952
m11-academic-vi-safe-21,SciFact,academic,vi,rule-based,0.33,True,R6_direct_compressor,399,227,172,0.43107769423558895,0,0.0,NOT_RUN,1,True,False,,0.1702000154182315
m11-academic-vi-safe-21,SciFact,academic,vi,rule-based,0.33,True,R7_direct_guard,399,227,172,0.43107769423558895,0,0.0,FAIL,1,True,False,,11.416900088079274
m11-academic-vi-safe-21,SciFact,academic,vi,rule-based,0.33,True,R8_api_guard,399,227,172,0.43107769423558895,0,0.0,FAIL,1,True,False,,12.35230010934174
m11-academic-vi-safe-21,SciFact,academic,vi,rule-based,0.33,True,R9_direct_api_guard,399,227,172,0.43107769423558895,0,0.0,FAIL,1,True,False,,12.522500124759972
m11-academic-vi-unsafe-13,SciFact,academic,vi,rule-based,0.33,True,R6_direct_compressor,393,289,104,0.26463104325699743,0,0.0,NOT_RUN,11,False,False,,0.19749999046325684
m11-academic-vi-unsafe-13,SciFact,academic,vi,rule-based,0.33,True,R7_direct_guard,393,289,104,0.26463104325699743,0,0.0,FAIL,11,False,False,,10.827300022356212
m11-academic-vi-unsafe-13,SciFact,academic,vi,rule-based,0.33,True,R8_api_guard,393,289,104,0.26463104325699743,0,0.0,FAIL,11,False,False,,12.41559989284724
m11-academic-vi-unsafe-13,SciFact,academic,vi,rule-based,0.33,True,R9_direct_api_guard,393,289,104,0.26463104325699743,0,0.0,FAIL,11,False,False,,12.613099883310497
m11-general-vi-unsafe-12,XNLI,general,vi,rule-based,0.33,True,R6_direct_compressor,20,20,0,0.0,0,0.0,NOT_RUN,0,True,False,,0.021499930880963802
m11-general-vi-unsafe-12,XNLI,general,vi,rule-based,0.33,True,R7_direct_guard,20,20,0,0.0,0,0.0,PASS,0,True,False,,0.3342999843880534
m11-general-vi-unsafe-12,XNLI,general,vi,rule-based,0.33,True,R8_api_guard,20,20,0,0.0,0,0.0,PASS,0,True,False,,1.1208999203518033
m11-general-vi-unsafe-12,XNLI,general,vi,rule-based,0.33,True,R9_direct_api_guard,20,20,0,0.0,0,0.0,PASS,0,True,False,,1.142399851232767
m11-business-vi-safe-12,ContractNLI,business,vi,rule-based,0.33,True,R6_direct_compressor,421,411,10,0.023752969121140142,0,0.0,NOT_RUN,1,True,False,,0.17440004739910364
m11-business-vi-safe-12,ContractNLI,business,vi,rule-based,0.33,True,R7_direct_guard,421,411,10,0.023752969121140142,0,0.0,FAIL,1,True,False,,14.440800063312054
m11-business-vi-safe-12,ContractNLI,business,vi,rule-based,0.33,True,R8_api_guard,421,411,10,0.023752969121140142,0,0.0,FAIL,1,True,False,,15.444800024852157
m11-business-vi-safe-12,ContractNLI,business,vi,rule-based,0.33,True,R9_direct_api_guard,421,411,10,0.023752969121140142,0,0.0,FAIL,1,True,False,,15.61920007225126
m11-business-en-safe-05,ContractNLI,business,en,rule-based,0.33,True,R6_direct_compressor,401,279,122,0.30423940149625933,0,0.0,NOT_RUN,2,True,False,,0.1892000436782837
m11-business-en-safe-05,ContractNLI,business,en,rule-based,0.33,True,R7_direct_guard,401,279,122,0.30423940149625933,0,0.0,FAIL,2,True,False,,14.118700055405498
m11-business-en-safe-05,ContractNLI,business,en,rule-based,0.33,True,R8_api_guard,401,279,122,0.30423940149625933,0,0.0,FAIL,2,True,False,,15.244100010022521
m11-business-en-safe-05,ContractNLI,business,en,rule-based,0.33,True,R9_direct_api_guard,401,279,122,0.30423940149625933,0,0.0,FAIL,2,True,False,,15.433300053700805
m11-general-vi-safe-12,XNLI,general,vi,rule-based,0.33,True,R6_direct_compressor,11,11,0,0.0,0,0.0,NOT_RUN,0,True,False,,0.015900004655122757
m11-general-vi-safe-12,XNLI,general,vi,rule-based,0.33,True,R7_direct_guard,11,11,0,0.0,0,0.0,PASS,0,True,False,,0.2843000693246722
m11-general-vi-safe-12,XNLI,general,vi,rule-based,0.33,True,R8_api_guard,11,11,0,0.0,0,0.0,PASS,0,True,False,,1.7997999675571918
m11-general-vi-safe-12,XNLI,general,vi,rule-based,0.33,True,R9_direct_api_guard,11,11,0,0.0,0,0.0,PASS,0,True,False,,1.8156999722123146
m11-business-vi-safe-21,ContractNLI,business,vi,rule-based,0.33,True,R6_direct_compressor,463,216,247,0.5334773218142549,0,0.0,NOT_RUN,1,True,False,,0.18530001398175955
m11-business-vi-safe-21,ContractNLI,business,vi,rule-based,0.33,True,R7_direct_guard,463,216,247,0.5334773218142549,0,0.0,FAIL,1,True,False,,9.634500020183623
m11-business-vi-safe-21,ContractNLI,business,vi,rule-based,0.33,True,R8_api_guard,463,216,247,0.5334773218142549,0,0.0,FAIL,1,True,False,,12.018400011584163
m11-business-vi-safe-21,ContractNLI,business,vi,rule-based,0.33,True,R9_direct_api_guard,463,216,247,0.5334773218142549,0,0.0,FAIL,1,True,False,,12.203700025565922
m11-general-vi-safe-14,XNLI,general,vi,rule-based,0.33,True,R6_direct_compressor,40,40,0,0.0,0,0.0,NOT_RUN,1,True,False,,0.027399975806474686
m11-general-vi-safe-14,XNLI,general,vi,rule-based,0.33,True,R7_direct_guard,40,40,0,0.0,0,0.0,PASS,1,True,False,,0.8281000191345811
m11-general-vi-safe-14,XNLI,general,vi,rule-based,0.33,True,R8_api_guard,40,40,0,0.0,0,0.0,PASS,1,True,False,,1.970799989067018
m11-general-vi-safe-14,XNLI,general,vi,rule-based,0.33,True,R9_direct_api_guard,40,40,0,0.0,0,0.0,PASS,1,True,False,,1.9981999648734927
m11-technical-vi-safe-11,technical_documentation,technical,vi,rule-based,0.33,True,R6_direct_compressor,48,48,0,0.0,0,0.0,NOT_RUN,0,True,False,,0.02310005947947502
m11-technical-vi-safe-11,technical_documentation,technical,vi,rule-based,0.33,True,R7_direct_guard,48,48,0,0.0,0,0.0,PASS,0,True,False,,0.9823000291362405
m11-technical-vi-safe-11,technical_documentation,technical,vi,rule-based,0.33,True,R8_api_guard,48,48,0,0.0,0,0.0,PASS,0,True,False,,1.5156000154092908
m11-technical-vi-safe-11,technical_documentation,technical,vi,rule-based,0.33,True,R9_direct_api_guard,48,48,0,0.0,0,0.0,PASS,0,True,False,,1.5387000748887658
m11-academic-en-unsafe-14,SciFact,academic,en,rule-based,0.33,True,R6_direct_compressor,382,210,172,0.450261780104712,0,0.0,NOT_RUN,1,True,False,,0.14809996355324984
m11-academic-en-unsafe-14,SciFact,academic,en,rule-based,0.33,True,R7_direct_guard,382,210,172,0.450261780104712,0,0.0,FAIL,1,True,False,,10.527899954468012
m11-academic-en-unsafe-14,SciFact,academic,en,rule-based,0.33,True,R8_api_guard,382,210,172,0.450261780104712,0,0.0,FAIL,1,True,False,,11.39319990761578
m11-academic-en-unsafe-14,SciFact,academic,en,rule-based,0.33,True,R9_direct_api_guard,382,210,172,0.450261780104712,0,0.0,FAIL,1,True,False,,11.54129987116903
m11-general-en-unsafe-06,XNLI,general,en,rule-based,0.33,True,R6_direct_compressor,38,38,0,0.0,0,0.0,NOT_RUN,0,True,False,,0.02729997504502535
m11-general-en-unsafe-06,XNLI,general,en,rule-based,0.33,True,R7_direct_guard,38,38,0,0.0,0,0.0,PASS,0,True,False,,0.8434000192210078
m11-general-en-unsafe-06,XNLI,general,en,rule-based,0.33,True,R8_api_guard,38,38,0,0.0,0,0.0,PASS,0,True,False,,1.4115999219939113
m11-general-en-unsafe-06,XNLI,general,en,rule-based,0.33,True,R9_direct_api_guard,38,38,0,0.0,0,0.0,PASS,0,True,False,,1.4388998970389366
m11-general-vi-unsafe-25,XNLI,general,vi,rule-based,0.33,True,R6_direct_compressor,39,39,0,0.0,0,0.0,NOT_RUN,0,True,False,,0.02289994154125452
m11-general-vi-unsafe-25,XNLI,general,vi,rule-based,0.33,True,R7_direct_guard,39,39,0,0.0,0,0.0,PASS,0,True,False,,0.9046999039128423
m11-general-vi-unsafe-25,XNLI,general,vi,rule-based,0.33,True,R8_api_guard,39,39,0,0.0,0,0.0,PASS,0,True,False,,1.6509999986737967
m11-general-vi-unsafe-25,XNLI,general,vi,rule-based,0.33,True,R9_direct_api_guard,39,39,0,0.0,0,0.0,PASS,0,True,False,,1.6738999402150512
m11-academic-vi-unsafe-23,SciFact,academic,vi,rule-based,0.33,True,R6_direct_compressor,543,316,227,0.4180478821362799,0,0.0,NOT_RUN,5,False,False,,0.22249994799494743
m11-academic-vi-unsafe-23,SciFact,academic,vi,rule-based,0.33,True,R7_direct_guard,543,316,227,0.4180478821362799,0,0.0,FAIL,5,False,False,,14.10919998306781
m11-academic-vi-unsafe-23,SciFact,academic,vi,rule-based,0.33,True,R8_api_guard,543,316,227,0.4180478821362799,0,0.0,FAIL,5,False,False,,15.766500029712915
m11-academic-vi-unsafe-23,SciFact,academic,vi,rule-based,0.33,True,R9_direct_api_guard,543,316,227,0.4180478821362799,0,0.0,FAIL,5,False,False,,15.988999977707863
m11-business-en-unsafe-20,ContractNLI,business,en,rule-based,0.33,True,R6_direct_compressor,520,524,0,0.0,0,0.0,NOT_RUN,15,False,False,,0.28140004724264145
m11-business-en-unsafe-20,ContractNLI,business,en,rule-based,0.33,True,R7_direct_guard,520,524,0,0.0,0,0.0,FAIL,15,False,False,,13.921900070272386
m11-business-en-unsafe-20,ContractNLI,business,en,rule-based,0.33,True,R8_api_guard,520,524,0,0.0,0,0.0,FAIL,15,False,False,,16.245300066657364
m11-business-en-unsafe-20,ContractNLI,business,en,rule-based,0.33,True,R9_direct_api_guard,520,524,0,0.0,0,0.0,FAIL,15,False,False,,16.526700113900006
m11-business-vi-safe-24,ContractNLI,business,vi,llmlingua-2,0.33,True,R6_direct_compressor,427,139,288,0.6744730679156908,0,0.0,NOT_RUN,2,True,False,,2766.6882999474183
m11-business-vi-safe-24,ContractNLI,business,vi,llmlingua-2,0.33,True,R7_direct_guard,427,139,288,0.6744730679156908,0,0.0,FAIL,2,True,False,,2786.178999929689
m11-business-vi-safe-24,ContractNLI,business,vi,llmlingua-2,0.33,True,R8_api_guard,427,139,288,0.6744730679156908,0,0.0,FAIL,2,True,False,,2786.7950999643654
m11-business-vi-safe-24,ContractNLI,business,vi,llmlingua-2,0.33,True,R9_direct_api_guard,427,139,288,0.6744730679156908,0,0.0,FAIL,2,True,False,,5553.483399911784
m11-technical-vi-unsafe-13,technical_documentation,technical,vi,llmlingua-2,0.33,True,R6_direct_compressor,70,33,37,0.5285714285714286,0,0.0,NOT_RUN,2,True,False,,1217.5557999871671
m11-technical-vi-unsafe-13,technical_documentation,technical,vi,llmlingua-2,0.33,True,R7_direct_guard,70,33,37,0.5285714285714286,0,0.0,FAIL,2,True,False,,1219.4407999049872
m11-technical-vi-unsafe-13,technical_documentation,technical,vi,llmlingua-2,0.33,True,R8_api_guard,70,33,37,0.5285714285714286,0,0.0,FAIL,2,True,False,,1221.2067999644205
m11-technical-vi-unsafe-13,technical_documentation,technical,vi,llmlingua-2,0.33,True,R9_direct_api_guard,70,33,37,0.5285714285714286,0,0.0,FAIL,2,True,False,,2438.7625999515876
m11-technical-en-safe-03,technical_documentation,technical,en,llmlingua-2,0.33,True,R6_direct_compressor,25,8,17,0.68,0,0.0,NOT_RUN,2,True,False,,1170.3382999403402
m11-technical-en-safe-03,technical_documentation,technical,en,llmlingua-2,0.33,True,R7_direct_guard,25,8,17,0.68,0,0.0,FAIL,2,True,False,,1171.3449999224395
m11-technical-en-safe-03,technical_documentation,technical,en,llmlingua-2,0.33,True,R8_api_guard,25,8,17,0.68,0,0.0,FAIL,2,True,False,,1172.3092999309301
m11-technical-en-safe-03,technical_documentation,technical,en,llmlingua-2,0.33,True,R9_direct_api_guard,25,8,17,0.68,0,0.0,FAIL,2,True,False,,2342.6475998712704
m11-business-en-safe-01,ContractNLI,business,en,llmlingua-2,0.33,True,R6_direct_compressor,473,172,301,0.6363636363636364,0,0.0,NOT_RUN,5,True,False,,2239.3332000356168
m11-business-en-safe-01,ContractNLI,business,en,llmlingua-2,0.33,True,R7_direct_guard,473,172,301,0.6363636363636364,0,0.0,FAIL,5,True,False,,2254.5480999397114
m11-business-en-safe-01,ContractNLI,business,en,llmlingua-2,0.33,True,R8_api_guard,473,172,301,0.6363636363636364,0,0.0,FAIL,5,True,False,,2256.55110005755
m11-business-en-safe-01,ContractNLI,business,en,llmlingua-2,0.33,True,R9_direct_api_guard,473,172,301,0.6363636363636364,0,0.0,FAIL,5,True,False,,4495.8843000931665
m11-general-vi-unsafe-04,XNLI,general,vi,llmlingua-2,0.33,True,R6_direct_compressor,11,3,8,0.7272727272727273,0,0.0,NOT_RUN,0,True,False,,1199.7970999218524
m11-general-vi-unsafe-04,XNLI,general,vi,llmlingua-2,0.33,True,R7_direct_guard,11,3,8,0.7272727272727273,0,0.0,FAIL,0,True,False,,1200.2497999928892
m11-general-vi-unsafe-04,XNLI,general,vi,llmlingua-2,0.33,True,R8_api_guard,11,3,8,0.7272727272727273,0,0.0,FAIL,0,True,False,,1201.7921999795362
m11-general-vi-unsafe-04,XNLI,general,vi,llmlingua-2,0.33,True,R9_direct_api_guard,11,3,8,0.7272727272727273,0,0.0,FAIL,0,True,False,,2401.5892999013886
m11-general-vi-safe-04,XNLI,general,vi,llmlingua-2,0.33,True,R6_direct_compressor,40,17,23,0.575,0,0.0,NOT_RUN,4,True,False,,1194.1562000429258
m11-general-vi-safe-04,XNLI,general,vi,llmlingua-2,0.33,True,R7_direct_guard,40,17,23,0.575,0,0.0,FAIL,4,True,False,,1195.8423000760376
m11-general-vi-safe-04,XNLI,general,vi,llmlingua-2,0.33,True,R8_api_guard,40,17,23,0.575,0,0.0,FAIL,4,True,False,,1197.5865999702364
m11-general-vi-safe-04,XNLI,general,vi,llmlingua-2,0.33,True,R9_direct_api_guard,40,17,23,0.575,0,0.0,FAIL,4,True,False,,2391.742800013162
m11-academic-vi-unsafe-10,SciFact,academic,vi,llmlingua-2,0.33,True,R6_direct_compressor,438,162,276,0.6301369863013698,0,0.0,NOT_RUN,11,True,False,,1231.084500090219
m11-academic-vi-unsafe-10,SciFact,academic,vi,llmlingua-2,0.33,True,R7_direct_guard,438,162,276,0.6301369863013698,0,0.0,FAIL,11,True,False,,1246.720700059086
m11-academic-vi-unsafe-10,SciFact,academic,vi,llmlingua-2,0.33,True,R8_api_guard,438,162,276,0.6301369863013698,0,0.0,FAIL,11,True,False,,1249.803200014867
m11-academic-vi-unsafe-10,SciFact,academic,vi,llmlingua-2,0.33,True,R9_direct_api_guard,438,162,276,0.6301369863013698,0,0.0,FAIL,11,True,False,,2480.887700105086
m11-business-en-safe-11,ContractNLI,business,en,llmlingua-2,0.33,True,R6_direct_compressor,405,119,286,0.7061728395061728,0,0.0,NOT_RUN,1,True,False,,1260.1464999606833
m11-business-en-safe-11,ContractNLI,business,en,llmlingua-2,0.33,True,R7_direct_guard,405,119,286,0.7061728395061728,0,0.0,FAIL,1,True,False,,1284.2191000236198
m11-business-en-safe-11,ContractNLI,business,en,llmlingua-2,0.33,True,R8_api_guard,405,119,286,0.7061728395061728,0,0.0,FAIL,1,True,False,,1285.2195999585092
m11-business-en-safe-11,ContractNLI,business,en,llmlingua-2,0.33,True,R9_direct_api_guard,405,119,286,0.7061728395061728,0,0.0,FAIL,1,True,False,,2545.3660999191925
m11-business-vi-unsafe-14,ContractNLI,business,vi,llmlingua-2,0.33,True,R6_direct_compressor,463,149,314,0.6781857451403888,0,0.0,NOT_RUN,1,True,False,,2240.884399972856
m11-business-vi-unsafe-14,ContractNLI,business,vi,llmlingua-2,0.33,True,R7_direct_guard,463,149,314,0.6781857451403888,0,0.0,FAIL,1,True,False,,2255.520200007595
m11-business-vi-unsafe-14,ContractNLI,business,vi,llmlingua-2,0.33,True,R8_api_guard,463,149,314,0.6781857451403888,0,0.0,FAIL,1,True,False,,2257.3184999637306
m11-business-vi-unsafe-14,ContractNLI,business,vi,llmlingua-2,0.33,True,R9_direct_api_guard,463,149,314,0.6781857451403888,0,0.0,FAIL,1,True,False,,4498.202899936587
m11-business-vi-safe-11,ContractNLI,business,vi,llmlingua-2,0.33,True,R6_direct_compressor,421,129,292,0.6935866983372921,0,0.0,NOT_RUN,1,True,False,,2245.0851999456063
m11-business-vi-safe-11,ContractNLI,business,vi,llmlingua-2,0.33,True,R7_direct_guard,421,129,292,0.6935866983372921,0,0.0,FAIL,1,True,False,,2263.8919999590144
m11-business-vi-safe-11,ContractNLI,business,vi,llmlingua-2,0.33,True,R8_api_guard,421,129,292,0.6935866983372921,0,0.0,FAIL,1,True,False,,2268.000299925916
m11-business-vi-safe-11,ContractNLI,business,vi,llmlingua-2,0.33,True,R9_direct_api_guard,421,129,292,0.6935866983372921,0,0.0,FAIL,1,True,False,,4513.085499871522
m11-academic-vi-safe-21,SciFact,academic,vi,llmlingua-2,0.33,True,R6_direct_compressor,399,130,269,0.6741854636591479,0,0.0,NOT_RUN,1,True,False,,1196.7634999891743
m11-academic-vi-safe-21,SciFact,academic,vi,llmlingua-2,0.33,True,R7_direct_guard,399,130,269,0.6741854636591479,0,0.0,FAIL,1,True,False,,1214.6951999748126
m11-academic-vi-safe-21,SciFact,academic,vi,llmlingua-2,0.33,True,R8_api_guard,399,130,269,0.6741854636591479,0,0.0,FAIL,1,True,False,,1214.8205999983475
m11-academic-vi-safe-21,SciFact,academic,vi,llmlingua-2,0.33,True,R9_direct_api_guard,399,130,269,0.6741854636591479,0,0.0,FAIL,1,True,False,,2411.5840999875218
m11-academic-vi-unsafe-13,SciFact,academic,vi,llmlingua-2,0.33,True,R6_direct_compressor,393,141,252,0.6412213740458015,0,0.0,NOT_RUN,11,True,False,,1225.686899968423
m11-academic-vi-unsafe-13,SciFact,academic,vi,llmlingua-2,0.33,True,R7_direct_guard,393,141,252,0.6412213740458015,0,0.0,FAIL,11,True,False,,1239.57839992363
m11-academic-vi-unsafe-13,SciFact,academic,vi,llmlingua-2,0.33,True,R8_api_guard,393,141,252,0.6412213740458015,0,0.0,FAIL,11,True,False,,1241.34729988873
m11-academic-vi-unsafe-13,SciFact,academic,vi,llmlingua-2,0.33,True,R9_direct_api_guard,393,141,252,0.6412213740458015,0,0.0,FAIL,11,True,False,,2467.034199857153
m11-general-vi-unsafe-12,XNLI,general,vi,llmlingua-2,0.33,True,R6_direct_compressor,20,5,15,0.75,0,0.0,NOT_RUN,0,True,False,,1210.6646000174806
m11-general-vi-unsafe-12,XNLI,general,vi,llmlingua-2,0.33,True,R7_direct_guard,20,5,15,0.75,0,0.0,FAIL,0,True,False,,1211.186800035648
m11-general-vi-unsafe-12,XNLI,general,vi,llmlingua-2,0.33,True,R8_api_guard,20,5,15,0.75,0,0.0,FAIL,0,True,False,,1212.7197999507189
m11-general-vi-unsafe-12,XNLI,general,vi,llmlingua-2,0.33,True,R9_direct_api_guard,20,5,15,0.75,0,0.0,FAIL,0,True,False,,2423.3843999681994
m11-business-vi-safe-12,ContractNLI,business,vi,llmlingua-2,0.33,True,R6_direct_compressor,421,129,292,0.6935866983372921,0,0.0,NOT_RUN,1,True,False,,2328.031499986537
m11-business-vi-safe-12,ContractNLI,business,vi,llmlingua-2,0.33,True,R7_direct_guard,421,129,292,0.6935866983372921,0,0.0,FAIL,1,True,False,,2350.242399959825
m11-business-vi-safe-12,ContractNLI,business,vi,llmlingua-2,0.33,True,R8_api_guard,421,129,292,0.6935866983372921,0,0.0,FAIL,1,True,False,,2351.692200056277
m11-business-vi-safe-12,ContractNLI,business,vi,llmlingua-2,0.33,True,R9_direct_api_guard,421,129,292,0.6935866983372921,0,0.0,FAIL,1,True,False,,4679.723700042814
m11-business-en-safe-05,ContractNLI,business,en,llmlingua-2,0.33,True,R6_direct_compressor,401,124,277,0.6907730673316709,0,0.0,NOT_RUN,2,True,False,,1202.1061000414193
m11-business-en-safe-05,ContractNLI,business,en,llmlingua-2,0.33,True,R7_direct_guard,401,124,277,0.6907730673316709,0,0.0,FAIL,2,True,False,,1219.7335000382736
m11-business-en-safe-05,ContractNLI,business,en,llmlingua-2,0.33,True,R8_api_guard,401,124,277,0.6907730673316709,0,0.0,FAIL,2,True,False,,1221.1500001139939
m11-business-en-safe-05,ContractNLI,business,en,llmlingua-2,0.33,True,R9_direct_api_guard,401,124,277,0.6907730673316709,0,0.0,FAIL,2,True,False,,2423.256100155413
m11-general-vi-safe-12,XNLI,general,vi,llmlingua-2,0.33,True,R6_direct_compressor,11,3,8,0.7272727272727273,0,0.0,NOT_RUN,0,True,False,,1154.4797000242397
m11-general-vi-safe-12,XNLI,general,vi,llmlingua-2,0.33,True,R7_direct_guard,11,3,8,0.7272727272727273,0,0.0,FAIL,0,True,False,,1154.8322000307962
m11-general-vi-safe-12,XNLI,general,vi,llmlingua-2,0.33,True,R8_api_guard,11,3,8,0.7272727272727273,0,0.0,FAIL,0,True,False,,1156.1976000666618
m11-general-vi-safe-12,XNLI,general,vi,llmlingua-2,0.33,True,R9_direct_api_guard,11,3,8,0.7272727272727273,0,0.0,FAIL,0,True,False,,2310.6773000909016
m11-business-vi-safe-21,ContractNLI,business,vi,llmlingua-2,0.33,True,R6_direct_compressor,463,149,314,0.6781857451403888,0,0.0,NOT_RUN,1,True,False,,2177.735700039193
m11-business-vi-safe-21,ContractNLI,business,vi,llmlingua-2,0.33,True,R7_direct_guard,463,149,314,0.6781857451403888,0,0.0,FAIL,1,True,False,,2191.99479999952
m11-business-vi-safe-21,ContractNLI,business,vi,llmlingua-2,0.33,True,R8_api_guard,463,149,314,0.6781857451403888,0,0.0,FAIL,1,True,False,,2193.8278999878094
m11-business-vi-safe-21,ContractNLI,business,vi,llmlingua-2,0.33,True,R9_direct_api_guard,463,149,314,0.6781857451403888,0,0.0,FAIL,1,True,False,,4371.563600027002
m11-general-vi-safe-14,XNLI,general,vi,llmlingua-2,0.33,True,R6_direct_compressor,40,14,26,0.65,0,0.0,NOT_RUN,1,True,False,,1172.5987999234349
m11-general-vi-safe-14,XNLI,general,vi,llmlingua-2,0.33,True,R7_direct_guard,40,14,26,0.65,0,0.0,FAIL,1,True,False,,1173.8949998980388
m11-general-vi-safe-14,XNLI,general,vi,llmlingua-2,0.33,True,R8_api_guard,40,14,26,0.65,0,0.0,FAIL,1,True,False,,1175.7843998493627
m11-general-vi-safe-14,XNLI,general,vi,llmlingua-2,0.33,True,R9_direct_api_guard,40,14,26,0.65,0,0.0,FAIL,1,True,False,,2348.3831997727975
m11-technical-vi-safe-11,technical_documentation,technical,vi,llmlingua-2,0.33,True,R6_direct_compressor,48,13,35,0.7291666666666666,0,0.0,NOT_RUN,0,True,False,,1175.2312000608072
m11-technical-vi-safe-11,technical_documentation,technical,vi,llmlingua-2,0.33,True,R7_direct_guard,48,13,35,0.7291666666666666,0,0.0,FAIL,0,True,False,,1176.2093000579625
m11-technical-vi-safe-11,technical_documentation,technical,vi,llmlingua-2,0.33,True,R8_api_guard,48,13,35,0.7291666666666666,0,0.0,FAIL,0,True,False,,1177.6713001308963
m11-technical-vi-safe-11,technical_documentation,technical,vi,llmlingua-2,0.33,True,R9_direct_api_guard,48,13,35,0.7291666666666666,0,0.0,FAIL,0,True,False,,2352.9025001917034
m11-academic-en-unsafe-14,SciFact,academic,en,llmlingua-2,0.33,True,R6_direct_compressor,382,125,257,0.6727748691099477,0,0.0,NOT_RUN,1,True,False,,1167.3238000366837
m11-academic-en-unsafe-14,SciFact,academic,en,llmlingua-2,0.33,True,R7_direct_guard,382,125,257,0.6727748691099477,0,0.0,FAIL,1,True,False,,1183.1875001080334
m11-academic-en-unsafe-14,SciFact,academic,en,llmlingua-2,0.33,True,R8_api_guard,382,125,257,0.6727748691099477,0,0.0,FAIL,1,True,False,,1185.5417999904603
m11-academic-en-unsafe-14,SciFact,academic,en,llmlingua-2,0.33,True,R9_direct_api_guard,382,125,257,0.6727748691099477,0,0.0,FAIL,1,True,False,,2352.865600027144
m11-general-en-unsafe-06,XNLI,general,en,llmlingua-2,0.33,True,R6_direct_compressor,38,16,22,0.5789473684210527,0,0.0,NOT_RUN,0,True,False,,1158.0621000612155
m11-general-en-unsafe-06,XNLI,general,en,llmlingua-2,0.33,True,R7_direct_guard,38,16,22,0.5789473684210527,22,0.5789473684210527,PASS,0,True,False,,1158.7020000442863
m11-general-en-unsafe-06,XNLI,general,en,llmlingua-2,0.33,True,R8_api_guard,38,16,22,0.5789473684210527,22,0.5789473684210527,PASS,0,True,False,,1159.7905000671744
m11-general-en-unsafe-06,XNLI,general,en,llmlingua-2,0.33,True,R9_direct_api_guard,38,16,22,0.5789473684210527,22,0.5789473684210527,PASS,0,True,False,,2317.85260012839
m11-general-vi-unsafe-25,XNLI,general,vi,llmlingua-2,0.33,True,R6_direct_compressor,39,15,24,0.6153846153846154,0,0.0,NOT_RUN,0,True,False,,1147.7491999976337
m11-general-vi-unsafe-25,XNLI,general,vi,llmlingua-2,0.33,True,R7_direct_guard,39,15,24,0.6153846153846154,0,0.0,FAIL,0,True,False,,1149.0520000224933
m11-general-vi-unsafe-25,XNLI,general,vi,llmlingua-2,0.33,True,R8_api_guard,39,15,24,0.6153846153846154,0,0.0,FAIL,0,True,False,,1150.4356999648735
m11-general-vi-unsafe-25,XNLI,general,vi,llmlingua-2,0.33,True,R9_direct_api_guard,39,15,24,0.6153846153846154,0,0.0,FAIL,0,True,False,,2298.184899962507
m11-academic-vi-unsafe-23,SciFact,academic,vi,llmlingua-2,0.33,True,R6_direct_compressor,543,543,0,0.0,0,0.0,NOT_RUN,5,True,True,MODEL_MAX_INPUT_TOKENS_512,0.0
m11-academic-vi-unsafe-23,SciFact,academic,vi,llmlingua-2,0.33,True,R7_direct_guard,543,543,0,0.0,0,0.0,PASS,5,True,True,MODEL_MAX_INPUT_TOKENS_512,31.203499995172024
m11-academic-vi-unsafe-23,SciFact,academic,vi,llmlingua-2,0.33,True,R8_api_guard,543,543,0,0.0,0,0.0,PASS,5,True,True,MODEL_MAX_INPUT_TOKENS_512,31.963399960659444
m11-academic-vi-unsafe-23,SciFact,academic,vi,llmlingua-2,0.33,True,R9_direct_api_guard,543,543,0,0.0,0,0.0,PASS,5,True,True,MODEL_MAX_INPUT_TOKENS_512,31.963399960659444
m11-business-en-unsafe-20,ContractNLI,business,en,llmlingua-2,0.33,True,R6_direct_compressor,520,520,0,0.0,0,0.0,NOT_RUN,15,True,True,MODEL_MAX_INPUT_TOKENS_512,0.0
m11-business-en-unsafe-20,ContractNLI,business,en,llmlingua-2,0.33,True,R7_direct_guard,520,520,0,0.0,0,0.0,PASS,15,True,True,MODEL_MAX_INPUT_TOKENS_512,24.068400030955672
m11-business-en-unsafe-20,ContractNLI,business,en,llmlingua-2,0.33,True,R8_api_guard,520,520,0,0.0,0,0.0,PASS,15,True,True,MODEL_MAX_INPUT_TOKENS_512,24.40799993928522
m11-business-en-unsafe-20,ContractNLI,business,en,llmlingua-2,0.33,True,R9_direct_api_guard,520,520,0,0.0,0,0.0,PASS,15,True,True,MODEL_MAX_INPUT_TOKENS_512,24.40799993928522
m11-business-vi-safe-24,ContractNLI,business,vi,rule-based,0.5,True,R6_direct_compressor,427,323,104,0.24355971896955503,0,0.0,NOT_RUN,2,True,False,,0.2848999574780464
m11-business-vi-safe-24,ContractNLI,business,vi,rule-based,0.5,True,R7_direct_guard,427,323,104,0.24355971896955503,0,0.0,FAIL,2,True,False,,22.65809988602996
m11-business-vi-safe-24,ContractNLI,business,vi,rule-based,0.5,True,R8_api_guard,427,323,104,0.24355971896955503,0,0.0,FAIL,2,True,False,,22.754799923859537
m11-business-vi-safe-24,ContractNLI,business,vi,rule-based,0.5,True,R9_direct_api_guard,427,323,104,0.24355971896955503,0,0.0,FAIL,2,True,False,,23.039699881337583
m11-business-vi-safe-24,ContractNLI,business,vi,rule-based,0.5,False,R6_direct_compressor,427,323,104,0.24355971896955503,0,0.0,NOT_RUN,2,True,False,,0.22139993961900473
m11-business-vi-safe-24,ContractNLI,business,vi,rule-based,0.5,False,R7_direct_guard,427,323,104,0.24355971896955503,0,0.0,FAIL,2,True,False,,21.55559998936951
m11-business-vi-safe-24,ContractNLI,business,vi,rule-based,0.5,False,R8_api_guard,427,323,104,0.24355971896955503,0,0.0,FAIL,2,True,False,,18.798899953253567
m11-business-vi-safe-24,ContractNLI,business,vi,rule-based,0.5,False,R9_direct_api_guard,427,323,104,0.24355971896955503,0,0.0,FAIL,2,True,False,,19.020299892872572
m11-technical-vi-unsafe-13,technical_documentation,technical,vi,rule-based,0.5,True,R6_direct_compressor,70,70,0,0.0,0,0.0,NOT_RUN,2,True,False,,0.033800024539232254
m11-technical-vi-unsafe-13,technical_documentation,technical,vi,rule-based,0.5,True,R7_direct_guard,70,70,0,0.0,0,0.0,PASS,2,True,False,,1.2534999987110496
m11-technical-vi-unsafe-13,technical_documentation,technical,vi,rule-based,0.5,True,R8_api_guard,70,70,0,0.0,0,0.0,PASS,2,True,False,,2.065500011667609
m11-technical-vi-unsafe-13,technical_documentation,technical,vi,rule-based,0.5,True,R9_direct_api_guard,70,70,0,0.0,0,0.0,PASS,2,True,False,,2.0993000362068415
m11-technical-vi-unsafe-13,technical_documentation,technical,vi,rule-based,0.5,False,R6_direct_compressor,70,70,0,0.0,0,0.0,NOT_RUN,2,True,False,,0.022600055672228336
m11-technical-vi-unsafe-13,technical_documentation,technical,vi,rule-based,0.5,False,R7_direct_guard,70,70,0,0.0,0,0.0,PASS,2,True,False,,1.1539000552147627
m11-technical-vi-unsafe-13,technical_documentation,technical,vi,rule-based,0.5,False,R8_api_guard,70,70,0,0.0,0,0.0,PASS,2,True,False,,1.7774001462385058
m11-technical-vi-unsafe-13,technical_documentation,technical,vi,rule-based,0.5,False,R9_direct_api_guard,70,70,0,0.0,0,0.0,PASS,2,True,False,,1.8000002019107342
m11-technical-en-safe-03,technical_documentation,technical,en,rule-based,0.5,True,R6_direct_compressor,25,25,0,0.0,0,0.0,NOT_RUN,2,True,False,,0.021400046534836292
m11-technical-en-safe-03,technical_documentation,technical,en,rule-based,0.5,True,R7_direct_guard,25,25,0,0.0,0,0.0,PASS,2,True,False,,0.961200101301074
m11-technical-en-safe-03,technical_documentation,technical,en,rule-based,0.5,True,R8_api_guard,25,25,0,0.0,0,0.0,PASS,2,True,False,,2.378700068220496
m11-technical-en-safe-03,technical_documentation,technical,en,rule-based,0.5,True,R9_direct_api_guard,25,25,0,0.0,0,0.0,PASS,2,True,False,,2.4001001147553325
m11-technical-en-safe-03,technical_documentation,technical,en,rule-based,0.5,False,R6_direct_compressor,25,25,0,0.0,0,0.0,NOT_RUN,2,True,False,,0.019600032828748226
m11-technical-en-safe-03,technical_documentation,technical,en,rule-based,0.5,False,R7_direct_guard,25,25,0,0.0,0,0.0,PASS,2,True,False,,0.8227000944316387
m11-technical-en-safe-03,technical_documentation,technical,en,rule-based,0.5,False,R8_api_guard,25,25,0,0.0,0,0.0,PASS,2,True,False,,1.4772000722587109
m11-technical-en-safe-03,technical_documentation,technical,en,rule-based,0.5,False,R9_direct_api_guard,25,25,0,0.0,0,0.0,PASS,2,True,False,,1.496800105087459
m11-business-en-safe-01,ContractNLI,business,en,rule-based,0.5,True,R6_direct_compressor,473,374,99,0.20930232558139536,0,0.0,NOT_RUN,5,True,False,,0.4357999423518777
m11-business-en-safe-01,ContractNLI,business,en,rule-based,0.5,True,R7_direct_guard,473,374,99,0.20930232558139536,0,0.0,FAIL,5,True,False,,17.222599941305816
m11-business-en-safe-01,ContractNLI,business,en,rule-based,0.5,True,R8_api_guard,473,374,99,0.20930232558139536,0,0.0,FAIL,5,True,False,,19.33339994866401
m11-business-en-safe-01,ContractNLI,business,en,rule-based,0.5,True,R9_direct_api_guard,473,374,99,0.20930232558139536,0,0.0,FAIL,5,True,False,,19.769199891015887
m11-business-en-safe-01,ContractNLI,business,en,rule-based,0.5,False,R6_direct_compressor,473,277,196,0.4143763213530655,0,0.0,NOT_RUN,5,False,False,,0.21169998217374086
m11-business-en-safe-01,ContractNLI,business,en,rule-based,0.5,False,R7_direct_guard,473,277,196,0.4143763213530655,0,0.0,FAIL,5,False,False,,13.42029997613281
m11-business-en-safe-01,ContractNLI,business,en,rule-based,0.5,False,R8_api_guard,473,277,196,0.4143763213530655,0,0.0,FAIL,5,False,False,,13.75349995214492
m11-business-en-safe-01,ContractNLI,business,en,rule-based,0.5,False,R9_direct_api_guard,473,277,196,0.4143763213530655,0,0.0,FAIL,5,False,False,,13.965199934318662
m11-general-vi-unsafe-04,XNLI,general,vi,rule-based,0.5,True,R6_direct_compressor,11,11,0,0.0,0,0.0,NOT_RUN,0,True,False,,0.014699995517730713
m11-general-vi-unsafe-04,XNLI,general,vi,rule-based,0.5,True,R7_direct_guard,11,11,0,0.0,0,0.0,PASS,0,True,False,,0.2676999429240823
m11-general-vi-unsafe-04,XNLI,general,vi,rule-based,0.5,True,R8_api_guard,11,11,0,0.0,0,0.0,PASS,0,True,False,,1.0738000273704529
m11-general-vi-unsafe-04,XNLI,general,vi,rule-based,0.5,True,R9_direct_api_guard,11,11,0,0.0,0,0.0,PASS,0,True,False,,1.0885000228881836
m11-general-vi-unsafe-04,XNLI,general,vi,rule-based,0.5,False,R6_direct_compressor,11,11,0,0.0,0,0.0,NOT_RUN,0,True,False,,0.011899974197149277
m11-general-vi-unsafe-04,XNLI,general,vi,rule-based,0.5,False,R7_direct_guard,11,11,0,0.0,0,0.0,PASS,0,True,False,,0.24419999681413174
m11-general-vi-unsafe-04,XNLI,general,vi,rule-based,0.5,False,R8_api_guard,11,11,0,0.0,0,0.0,PASS,0,True,False,,0.8716000011190772
m11-general-vi-unsafe-04,XNLI,general,vi,rule-based,0.5,False,R9_direct_api_guard,11,11,0,0.0,0,0.0,PASS,0,True,False,,0.8834999753162265
m11-general-vi-safe-04,XNLI,general,vi,rule-based,0.5,True,R6_direct_compressor,40,40,0,0.0,0,0.0,NOT_RUN,4,True,False,,0.04139996599406004
m11-general-vi-safe-04,XNLI,general,vi,rule-based,0.5,True,R7_direct_guard,40,40,0,0.0,0,0.0,PASS,4,True,False,,0.9866999462246895
m11-general-vi-safe-04,XNLI,general,vi,rule-based,0.5,True,R8_api_guard,40,40,0,0.0,0,0.0,PASS,4,True,False,,1.846599974669516
m11-general-vi-safe-04,XNLI,general,vi,rule-based,0.5,True,R9_direct_api_guard,40,40,0,0.0,0,0.0,PASS,4,True,False,,1.8879999406635761
m11-general-vi-safe-04,XNLI,general,vi,rule-based,0.5,False,R6_direct_compressor,40,40,0,0.0,0,0.0,NOT_RUN,4,True,False,,0.023300061002373695
m11-general-vi-safe-04,XNLI,general,vi,rule-based,0.5,False,R7_direct_guard,40,40,0,0.0,0,0.0,PASS,4,True,False,,1.0506000835448503
m11-general-vi-safe-04,XNLI,general,vi,rule-based,0.5,False,R8_api_guard,40,40,0,0.0,0,0.0,PASS,4,True,False,,1.6466000815853477
m11-general-vi-safe-04,XNLI,general,vi,rule-based,0.5,False,R9_direct_api_guard,40,40,0,0.0,0,0.0,PASS,4,True,False,,1.6699001425877213
m11-academic-vi-unsafe-10,SciFact,academic,vi,rule-based,0.5,True,R6_direct_compressor,438,378,60,0.136986301369863,0,0.0,NOT_RUN,11,True,False,,0.215300009585917
m11-academic-vi-unsafe-10,SciFact,academic,vi,rule-based,0.5,True,R7_direct_guard,438,378,60,0.136986301369863,0,0.0,FAIL,11,True,False,,14.179399935528636
m11-academic-vi-unsafe-10,SciFact,academic,vi,rule-based,0.5,True,R8_api_guard,438,378,60,0.136986301369863,0,0.0,FAIL,11,True,False,,16.670000040903687
m11-academic-vi-unsafe-10,SciFact,academic,vi,rule-based,0.5,True,R9_direct_api_guard,438,378,60,0.136986301369863,0,0.0,FAIL,11,True,False,,16.885300050489604
m11-academic-vi-unsafe-10,SciFact,academic,vi,rule-based,0.5,False,R6_direct_compressor,438,229,209,0.4771689497716895,0,0.0,NOT_RUN,11,False,False,,0.16259995754808187
m11-academic-vi-unsafe-10,SciFact,academic,vi,rule-based,0.5,False,R7_direct_guard,438,229,209,0.4771689497716895,0,0.0,FAIL,11,False,False,,12.315299944020808
m11-academic-vi-unsafe-10,SciFact,academic,vi,rule-based,0.5,False,R8_api_guard,438,229,209,0.4771689497716895,0,0.0,FAIL,11,False,False,,14.86929995007813
m11-academic-vi-unsafe-10,SciFact,academic,vi,rule-based,0.5,False,R9_direct_api_guard,438,229,209,0.4771689497716895,0,0.0,FAIL,11,False,False,,15.031899907626212
m11-business-en-safe-11,ContractNLI,business,en,rule-based,0.5,True,R6_direct_compressor,405,395,10,0.024691358024691357,0,0.0,NOT_RUN,1,True,False,,0.18930004443973303
m11-business-en-safe-11,ContractNLI,business,en,rule-based,0.5,True,R7_direct_guard,405,395,10,0.024691358024691357,0,0.0,FAIL,1,True,False,,14.31830006185919
m11-business-en-safe-11,ContractNLI,business,en,rule-based,0.5,True,R8_api_guard,405,395,10,0.024691358024691357,0,0.0,FAIL,1,True,False,,18.09500006493181
m11-business-en-safe-11,ContractNLI,business,en,rule-based,0.5,True,R9_direct_api_guard,405,395,10,0.024691358024691357,0,0.0,FAIL,1,True,False,,18.284300109371543
m11-business-en-safe-11,ContractNLI,business,en,rule-based,0.5,False,R6_direct_compressor,405,201,204,0.5037037037037037,0,0.0,NOT_RUN,1,False,False,,0.19129994325339794
m11-business-en-safe-11,ContractNLI,business,en,rule-based,0.5,False,R7_direct_guard,405,201,204,0.5037037037037037,0,0.0,FAIL,1,False,False,,11.238200007937849
m11-business-en-safe-11,ContractNLI,business,en,rule-based,0.5,False,R8_api_guard,405,201,204,0.5037037037037037,0,0.0,FAIL,1,False,False,,12.511499924585223
m11-business-en-safe-11,ContractNLI,business,en,rule-based,0.5,False,R9_direct_api_guard,405,201,204,0.5037037037037037,0,0.0,FAIL,1,False,False,,12.702799867838621
m11-business-vi-unsafe-14,ContractNLI,business,vi,rule-based,0.5,True,R6_direct_compressor,463,216,247,0.5334773218142549,0,0.0,NOT_RUN,1,True,False,,0.19139994401484728
m11-business-vi-unsafe-14,ContractNLI,business,vi,rule-based,0.5,True,R7_direct_guard,463,216,247,0.5334773218142549,0,0.0,FAIL,1,True,False,,9.469099924899638
m11-business-vi-unsafe-14,ContractNLI,business,vi,rule-based,0.5,True,R8_api_guard,463,216,247,0.5334773218142549,0,0.0,FAIL,1,True,False,,12.084799935109913
m11-business-vi-unsafe-14,ContractNLI,business,vi,rule-based,0.5,True,R9_direct_api_guard,463,216,247,0.5334773218142549,0,0.0,FAIL,1,True,False,,12.27619987912476
m11-business-vi-safe-11,ContractNLI,business,vi,rule-based,0.5,True,R6_direct_compressor,421,411,10,0.023752969121140142,0,0.0,NOT_RUN,1,True,False,,0.20409992430359125
m11-business-vi-safe-11,ContractNLI,business,vi,rule-based,0.5,True,R7_direct_guard,421,411,10,0.023752969121140142,0,0.0,FAIL,1,True,False,,15.433099935762584
m11-business-vi-safe-11,ContractNLI,business,vi,rule-based,0.5,True,R8_api_guard,421,411,10,0.023752969121140142,0,0.0,FAIL,1,True,False,,16.896599903702736
m11-business-vi-safe-11,ContractNLI,business,vi,rule-based,0.5,True,R9_direct_api_guard,421,411,10,0.023752969121140142,0,0.0,FAIL,1,True,False,,17.100699828006327
m11-academic-vi-safe-21,SciFact,academic,vi,rule-based,0.5,True,R6_direct_compressor,399,227,172,0.43107769423558895,0,0.0,NOT_RUN,1,True,False,,0.20160002168267965
m11-academic-vi-safe-21,SciFact,academic,vi,rule-based,0.5,True,R7_direct_guard,399,227,172,0.43107769423558895,0,0.0,FAIL,1,True,False,,10.42309997137636
m11-academic-vi-safe-21,SciFact,academic,vi,rule-based,0.5,True,R8_api_guard,399,227,172,0.43107769423558895,0,0.0,FAIL,1,True,False,,12.495800037868321
m11-academic-vi-safe-21,SciFact,academic,vi,rule-based,0.5,True,R9_direct_api_guard,399,227,172,0.43107769423558895,0,0.0,FAIL,1,True,False,,12.697400059551
m11-academic-vi-unsafe-13,SciFact,academic,vi,rule-based,0.5,True,R6_direct_compressor,393,289,104,0.26463104325699743,0,0.0,NOT_RUN,11,False,False,,0.2543999580666423
m11-academic-vi-unsafe-13,SciFact,academic,vi,rule-based,0.5,True,R7_direct_guard,393,289,104,0.26463104325699743,0,0.0,FAIL,11,False,False,,10.622099973261356
m11-academic-vi-unsafe-13,SciFact,academic,vi,rule-based,0.5,True,R8_api_guard,393,289,104,0.26463104325699743,0,0.0,FAIL,11,False,False,,12.393999961204827
m11-academic-vi-unsafe-13,SciFact,academic,vi,rule-based,0.5,True,R9_direct_api_guard,393,289,104,0.26463104325699743,0,0.0,FAIL,11,False,False,,12.64839991927147
m11-general-vi-unsafe-12,XNLI,general,vi,rule-based,0.5,True,R6_direct_compressor,20,20,0,0.0,0,0.0,NOT_RUN,0,True,False,,0.01680001150816679
m11-general-vi-unsafe-12,XNLI,general,vi,rule-based,0.5,True,R7_direct_guard,20,20,0,0.0,0,0.0,PASS,0,True,False,,0.30339998193085194
m11-general-vi-unsafe-12,XNLI,general,vi,rule-based,0.5,True,R8_api_guard,20,20,0,0.0,0,0.0,PASS,0,True,False,,1.0628000600263476
m11-general-vi-unsafe-12,XNLI,general,vi,rule-based,0.5,True,R9_direct_api_guard,20,20,0,0.0,0,0.0,PASS,0,True,False,,1.0796000715345144
m11-business-vi-safe-12,ContractNLI,business,vi,rule-based,0.5,True,R6_direct_compressor,421,411,10,0.023752969121140142,0,0.0,NOT_RUN,1,True,False,,0.17339992336928844
m11-business-vi-safe-12,ContractNLI,business,vi,rule-based,0.5,True,R7_direct_guard,421,411,10,0.023752969121140142,0,0.0,FAIL,1,True,False,,15.644799917936325
m11-business-vi-safe-12,ContractNLI,business,vi,rule-based,0.5,True,R8_api_guard,421,411,10,0.023752969121140142,0,0.0,FAIL,1,True,False,,17.00969983357936
m11-business-vi-safe-12,ContractNLI,business,vi,rule-based,0.5,True,R9_direct_api_guard,421,411,10,0.023752969121140142,0,0.0,FAIL,1,True,False,,17.18309975694865
m11-business-en-safe-05,ContractNLI,business,en,rule-based,0.5,True,R6_direct_compressor,401,279,122,0.30423940149625933,0,0.0,NOT_RUN,2,True,False,,0.20779995247721672
m11-business-en-safe-05,ContractNLI,business,en,rule-based,0.5,True,R7_direct_guard,401,279,122,0.30423940149625933,0,0.0,FAIL,2,True,False,,15.498399850912392
m11-business-en-safe-05,ContractNLI,business,en,rule-based,0.5,True,R8_api_guard,401,279,122,0.30423940149625933,0,0.0,FAIL,2,True,False,,16.72999991569668
m11-business-en-safe-05,ContractNLI,business,en,rule-based,0.5,True,R9_direct_api_guard,401,279,122,0.30423940149625933,0,0.0,FAIL,2,True,False,,16.937799868173897
m11-general-vi-safe-12,XNLI,general,vi,rule-based,0.5,True,R6_direct_compressor,11,11,0,0.0,0,0.0,NOT_RUN,0,True,False,,0.016400008462369442
m11-general-vi-safe-12,XNLI,general,vi,rule-based,0.5,True,R7_direct_guard,11,11,0,0.0,0,0.0,PASS,0,True,False,,0.26789994444698095
m11-general-vi-safe-12,XNLI,general,vi,rule-based,0.5,True,R8_api_guard,11,11,0,0.0,0,0.0,PASS,0,True,False,,1.3367000501602888
m11-general-vi-safe-12,XNLI,general,vi,rule-based,0.5,True,R9_direct_api_guard,11,11,0,0.0,0,0.0,PASS,0,True,False,,1.3531000586226583
m11-business-vi-safe-21,ContractNLI,business,vi,rule-based,0.5,True,R6_direct_compressor,463,216,247,0.5334773218142549,0,0.0,NOT_RUN,1,True,False,,0.1813999842852354
m11-business-vi-safe-21,ContractNLI,business,vi,rule-based,0.5,True,R7_direct_guard,463,216,247,0.5334773218142549,0,0.0,FAIL,1,True,False,,10.580000001937151
m11-business-vi-safe-21,ContractNLI,business,vi,rule-based,0.5,True,R8_api_guard,463,216,247,0.5334773218142549,0,0.0,FAIL,1,True,False,,12.11220002733171
m11-business-vi-safe-21,ContractNLI,business,vi,rule-based,0.5,True,R9_direct_api_guard,463,216,247,0.5334773218142549,0,0.0,FAIL,1,True,False,,12.293600011616945
m11-general-vi-safe-14,XNLI,general,vi,rule-based,0.5,True,R6_direct_compressor,40,40,0,0.0,0,0.0,NOT_RUN,1,True,False,,0.031800009310245514
m11-general-vi-safe-14,XNLI,general,vi,rule-based,0.5,True,R7_direct_guard,40,40,0,0.0,0,0.0,PASS,1,True,False,,1.0200999677181244
m11-general-vi-safe-14,XNLI,general,vi,rule-based,0.5,True,R8_api_guard,40,40,0,0.0,0,0.0,PASS,1,True,False,,1.8533000256866217
m11-general-vi-safe-14,XNLI,general,vi,rule-based,0.5,True,R9_direct_api_guard,40,40,0,0.0,0,0.0,PASS,1,True,False,,1.8851000349968672
m11-technical-vi-safe-11,technical_documentation,technical,vi,rule-based,0.5,True,R6_direct_compressor,48,48,0,0.0,0,0.0,NOT_RUN,0,True,False,,0.023799948394298553
m11-technical-vi-safe-11,technical_documentation,technical,vi,rule-based,0.5,True,R7_direct_guard,48,48,0,0.0,0,0.0,PASS,0,True,False,,0.8394999895244837
m11-technical-vi-safe-11,technical_documentation,technical,vi,rule-based,0.5,True,R8_api_guard,48,48,0,0.0,0,0.0,PASS,0,True,False,,1.6611999599263072
m11-technical-vi-safe-11,technical_documentation,technical,vi,rule-based,0.5,True,R9_direct_api_guard,48,48,0,0.0,0,0.0,PASS,0,True,False,,1.6849999083206058
m11-academic-en-unsafe-14,SciFact,academic,en,rule-based,0.5,True,R6_direct_compressor,382,210,172,0.450261780104712,0,0.0,NOT_RUN,1,True,False,,0.29180001001805067
m11-academic-en-unsafe-14,SciFact,academic,en,rule-based,0.5,True,R7_direct_guard,382,210,172,0.450261780104712,0,0.0,FAIL,1,True,False,,10.59339998755604
m11-academic-en-unsafe-14,SciFact,academic,en,rule-based,0.5,True,R8_api_guard,382,210,172,0.450261780104712,0,0.0,FAIL,1,True,False,,12.617799919098616
m11-academic-en-unsafe-14,SciFact,academic,en,rule-based,0.5,True,R9_direct_api_guard,382,210,172,0.450261780104712,0,0.0,FAIL,1,True,False,,12.909599929116666
m11-general-en-unsafe-06,XNLI,general,en,rule-based,0.5,True,R6_direct_compressor,38,38,0,0.0,0,0.0,NOT_RUN,0,True,False,,0.01910002902150154
m11-general-en-unsafe-06,XNLI,general,en,rule-based,0.5,True,R7_direct_guard,38,38,0,0.0,0,0.0,PASS,0,True,False,,0.578200095333159
m11-general-en-unsafe-06,XNLI,general,en,rule-based,0.5,True,R8_api_guard,38,38,0,0.0,0,0.0,PASS,0,True,False,,1.3440001057460904
m11-general-en-unsafe-06,XNLI,general,en,rule-based,0.5,True,R9_direct_api_guard,38,38,0,0.0,0,0.0,PASS,0,True,False,,1.363100134767592
m11-general-vi-unsafe-25,XNLI,general,vi,rule-based,0.5,True,R6_direct_compressor,39,39,0,0.0,0,0.0,NOT_RUN,0,True,False,,0.020699924789369106
m11-general-vi-unsafe-25,XNLI,general,vi,rule-based,0.5,True,R7_direct_guard,39,39,0,0.0,0,0.0,PASS,0,True,False,,0.790799967944622
m11-general-vi-unsafe-25,XNLI,general,vi,rule-based,0.5,True,R8_api_guard,39,39,0,0.0,0,0.0,PASS,0,True,False,,1.919299946166575
m11-general-vi-unsafe-25,XNLI,general,vi,rule-based,0.5,True,R9_direct_api_guard,39,39,0,0.0,0,0.0,PASS,0,True,False,,1.939999870955944
m11-academic-vi-unsafe-23,SciFact,academic,vi,rule-based,0.5,True,R6_direct_compressor,543,316,227,0.4180478821362799,0,0.0,NOT_RUN,5,False,False,,0.20480004604905844
m11-academic-vi-unsafe-23,SciFact,academic,vi,rule-based,0.5,True,R7_direct_guard,543,316,227,0.4180478821362799,0,0.0,FAIL,5,False,False,,13.964200159534812
m11-academic-vi-unsafe-23,SciFact,academic,vi,rule-based,0.5,True,R8_api_guard,543,316,227,0.4180478821362799,0,0.0,FAIL,5,False,False,,14.690500102005899
m11-academic-vi-unsafe-23,SciFact,academic,vi,rule-based,0.5,True,R9_direct_api_guard,543,316,227,0.4180478821362799,0,0.0,FAIL,5,False,False,,14.895300148054957
m11-business-en-unsafe-20,ContractNLI,business,en,rule-based,0.5,True,R6_direct_compressor,520,524,0,0.0,0,0.0,NOT_RUN,15,False,False,,0.25859999004751444
m11-business-en-unsafe-20,ContractNLI,business,en,rule-based,0.5,True,R7_direct_guard,520,524,0,0.0,0,0.0,FAIL,15,False,False,,14.505099970847368
m11-business-en-unsafe-20,ContractNLI,business,en,rule-based,0.5,True,R8_api_guard,520,524,0,0.0,0,0.0,FAIL,15,False,False,,17.34960009343922
m11-business-en-unsafe-20,ContractNLI,business,en,rule-based,0.5,True,R9_direct_api_guard,520,524,0,0.0,0,0.0,FAIL,15,False,False,,17.608200083486736
m11-business-vi-safe-24,ContractNLI,business,vi,llmlingua-2,0.5,True,R6_direct_compressor,427,214,213,0.49882903981264637,0,0.0,NOT_RUN,2,True,False,,2256.379200029187
m11-business-vi-safe-24,ContractNLI,business,vi,llmlingua-2,0.5,True,R7_direct_guard,427,214,213,0.49882903981264637,0,0.0,FAIL,2,True,False,,2275.609700125642
m11-business-vi-safe-24,ContractNLI,business,vi,llmlingua-2,0.5,True,R8_api_guard,427,214,213,0.49882903981264637,0,0.0,FAIL,2,True,False,,2277.566900011152
m11-business-vi-safe-24,ContractNLI,business,vi,llmlingua-2,0.5,True,R9_direct_api_guard,427,214,213,0.49882903981264637,0,0.0,FAIL,2,True,False,,4533.946100040339
m11-technical-vi-unsafe-13,technical_documentation,technical,vi,llmlingua-2,0.5,True,R6_direct_compressor,70,40,30,0.42857142857142855,0,0.0,NOT_RUN,2,True,False,,1166.2644000025466
m11-technical-vi-unsafe-13,technical_documentation,technical,vi,llmlingua-2,0.5,True,R7_direct_guard,70,40,30,0.42857142857142855,0,0.0,FAIL,2,True,False,,1168.4746000682935
m11-technical-vi-unsafe-13,technical_documentation,technical,vi,llmlingua-2,0.5,True,R8_api_guard,70,40,30,0.42857142857142855,0,0.0,FAIL,2,True,False,,1169.8834000853822
m11-technical-vi-unsafe-13,technical_documentation,technical,vi,llmlingua-2,0.5,True,R9_direct_api_guard,70,40,30,0.42857142857142855,0,0.0,FAIL,2,True,False,,2336.1478000879288
m11-technical-en-safe-03,technical_documentation,technical,en,llmlingua-2,0.5,True,R6_direct_compressor,25,12,13,0.52,0,0.0,NOT_RUN,2,True,False,,1163.3638000348583
m11-technical-en-safe-03,technical_documentation,technical,en,llmlingua-2,0.5,True,R7_direct_guard,25,12,13,0.52,0,0.0,FAIL,2,True,False,,1164.2920000012964
m11-technical-en-safe-03,technical_documentation,technical,en,llmlingua-2,0.5,True,R8_api_guard,25,12,13,0.52,0,0.0,FAIL,2,True,False,,1165.5428000958636
m11-technical-en-safe-03,technical_documentation,technical,en,llmlingua-2,0.5,True,R9_direct_api_guard,25,12,13,0.52,0,0.0,FAIL,2,True,False,,2328.906600130722
m11-business-en-safe-01,ContractNLI,business,en,llmlingua-2,0.5,True,R6_direct_compressor,473,245,228,0.4820295983086681,0,0.0,NOT_RUN,5,True,False,,2303.3410999923944
m11-business-en-safe-01,ContractNLI,business,en,llmlingua-2,0.5,True,R7_direct_guard,473,245,228,0.4820295983086681,0,0.0,FAIL,5,True,False,,2326.6509000677615
m11-business-en-safe-01,ContractNLI,business,en,llmlingua-2,0.5,True,R8_api_guard,473,245,228,0.4820295983086681,0,0.0,FAIL,5,True,False,,2327.9909000266343
m11-business-en-safe-01,ContractNLI,business,en,llmlingua-2,0.5,True,R9_direct_api_guard,473,245,228,0.4820295983086681,0,0.0,FAIL,5,True,False,,4631.332000019029
m11-general-vi-unsafe-04,XNLI,general,vi,llmlingua-2,0.5,True,R6_direct_compressor,11,6,5,0.45454545454545453,0,0.0,NOT_RUN,0,True,False,,1196.6580000007525
m11-general-vi-unsafe-04,XNLI,general,vi,llmlingua-2,0.5,True,R7_direct_guard,11,6,5,0.45454545454545453,0,0.0,FAIL,0,True,False,,1197.1206999151036
m11-general-vi-unsafe-04,XNLI,general,vi,llmlingua-2,0.5,True,R8_api_guard,11,6,5,0.45454545454545453,0,0.0,FAIL,0,True,False,,1198.5928000649437
m11-general-vi-unsafe-04,XNLI,general,vi,llmlingua-2,0.5,True,R9_direct_api_guard,11,6,5,0.45454545454545453,0,0.0,FAIL,0,True,False,,2395.2508000656962
m11-general-vi-safe-04,XNLI,general,vi,llmlingua-2,0.5,True,R6_direct_compressor,40,22,18,0.45,0,0.0,NOT_RUN,4,True,False,,1164.4637000281364
m11-general-vi-safe-04,XNLI,general,vi,llmlingua-2,0.5,True,R7_direct_guard,40,22,18,0.45,0,0.0,FAIL,4,True,False,,1165.8015999710187
m11-general-vi-safe-04,XNLI,general,vi,llmlingua-2,0.5,True,R8_api_guard,40,22,18,0.45,0,0.0,FAIL,4,True,False,,1166.9107000343502
m11-general-vi-safe-04,XNLI,general,vi,llmlingua-2,0.5,True,R9_direct_api_guard,40,22,18,0.45,0,0.0,FAIL,4,True,False,,2331.3744000624865
m11-academic-vi-unsafe-10,SciFact,academic,vi,llmlingua-2,0.5,True,R6_direct_compressor,438,233,205,0.4680365296803653,0,0.0,NOT_RUN,11,True,False,,1175.976900034584
m11-academic-vi-unsafe-10,SciFact,academic,vi,llmlingua-2,0.5,True,R7_direct_guard,438,233,205,0.4680365296803653,0,0.0,FAIL,11,True,False,,1195.824999944307
m11-academic-vi-unsafe-10,SciFact,academic,vi,llmlingua-2,0.5,True,R8_api_guard,438,233,205,0.4680365296803653,0,0.0,FAIL,11,True,False,,1197.108899941668
m11-academic-vi-unsafe-10,SciFact,academic,vi,llmlingua-2,0.5,True,R9_direct_api_guard,438,233,205,0.4680365296803653,0,0.0,FAIL,11,True,False,,2373.085799976252
m11-business-en-safe-11,ContractNLI,business,en,llmlingua-2,0.5,True,R6_direct_compressor,405,185,220,0.5432098765432098,0,0.0,NOT_RUN,1,True,False,,1153.4642000915483
m11-business-en-safe-11,ContractNLI,business,en,llmlingua-2,0.5,True,R7_direct_guard,405,185,220,0.5432098765432098,0,0.0,FAIL,1,True,False,,1173.5127000138164
m11-business-en-safe-11,ContractNLI,business,en,llmlingua-2,0.5,True,R8_api_guard,405,185,220,0.5432098765432098,0,0.0,FAIL,1,True,False,,1174.6720001101494
m11-business-en-safe-11,ContractNLI,business,en,llmlingua-2,0.5,True,R9_direct_api_guard,405,185,220,0.5432098765432098,0,0.0,FAIL,1,True,False,,2328.1362002016976
m11-business-vi-unsafe-14,ContractNLI,business,vi,llmlingua-2,0.5,True,R6_direct_compressor,463,226,237,0.5118790496760259,0,0.0,NOT_RUN,1,True,False,,2110.315499943681
m11-business-vi-unsafe-14,ContractNLI,business,vi,llmlingua-2,0.5,True,R7_direct_guard,463,226,237,0.5118790496760259,0,0.0,FAIL,1,True,False,,2127.641799976118
m11-business-vi-unsafe-14,ContractNLI,business,vi,llmlingua-2,0.5,True,R8_api_guard,463,226,237,0.5118790496760259,0,0.0,FAIL,1,True,False,,2130.420299945399
m11-business-vi-unsafe-14,ContractNLI,business,vi,llmlingua-2,0.5,True,R9_direct_api_guard,463,226,237,0.5118790496760259,0,0.0,FAIL,1,True,False,,4240.73579988908
m11-business-vi-safe-11,ContractNLI,business,vi,llmlingua-2,0.5,True,R6_direct_compressor,421,192,229,0.5439429928741093,0,0.0,NOT_RUN,1,True,False,,2135.4457000270486
m11-business-vi-safe-11,ContractNLI,business,vi,llmlingua-2,0.5,True,R7_direct_guard,421,192,229,0.5439429928741093,0,0.0,FAIL,1,True,False,,2155.3528000367805
m11-business-vi-safe-11,ContractNLI,business,vi,llmlingua-2,0.5,True,R8_api_guard,421,192,229,0.5439429928741093,0,0.0,FAIL,1,True,False,,2157.059400109574
m11-business-vi-safe-11,ContractNLI,business,vi,llmlingua-2,0.5,True,R9_direct_api_guard,421,192,229,0.5439429928741093,0,0.0,FAIL,1,True,False,,4292.505100136623
m11-academic-vi-safe-21,SciFact,academic,vi,llmlingua-2,0.5,True,R6_direct_compressor,399,198,201,0.5037593984962406,0,0.0,NOT_RUN,1,True,False,,1167.4393999855965
m11-academic-vi-safe-21,SciFact,academic,vi,llmlingua-2,0.5,True,R7_direct_guard,399,198,201,0.5037593984962406,0,0.0,FAIL,1,True,False,,1191.854300093837
m11-academic-vi-safe-21,SciFact,academic,vi,llmlingua-2,0.5,True,R8_api_guard,399,198,201,0.5037593984962406,0,0.0,FAIL,1,True,False,,1189.9038000265136
m11-academic-vi-safe-21,SciFact,academic,vi,llmlingua-2,0.5,True,R9_direct_api_guard,399,198,201,0.5037593984962406,0,0.0,FAIL,1,True,False,,2357.34320001211
m11-academic-vi-unsafe-13,SciFact,academic,vi,llmlingua-2,0.5,True,R6_direct_compressor,393,210,183,0.46564885496183206,0,0.0,NOT_RUN,11,True,False,,1254.6318999957293
m11-academic-vi-unsafe-13,SciFact,academic,vi,llmlingua-2,0.5,True,R7_direct_guard,393,210,183,0.46564885496183206,0,0.0,FAIL,11,True,False,,1271.3661999441683
m11-academic-vi-unsafe-13,SciFact,academic,vi,llmlingua-2,0.5,True,R8_api_guard,393,210,183,0.46564885496183206,0,0.0,FAIL,11,True,False,,1273.4750000527129
m11-academic-vi-unsafe-13,SciFact,academic,vi,llmlingua-2,0.5,True,R9_direct_api_guard,393,210,183,0.46564885496183206,0,0.0,FAIL,11,True,False,,2528.106900048442
m11-general-vi-unsafe-12,XNLI,general,vi,llmlingua-2,0.5,True,R6_direct_compressor,20,8,12,0.6,0,0.0,NOT_RUN,0,True,False,,1192.4438999267295
m11-general-vi-unsafe-12,XNLI,general,vi,llmlingua-2,0.5,True,R7_direct_guard,20,8,12,0.6,0,0.0,FAIL,0,True,False,,1192.9019999224693
m11-general-vi-unsafe-12,XNLI,general,vi,llmlingua-2,0.5,True,R8_api_guard,20,8,12,0.6,0,0.0,FAIL,0,True,False,,1194.0468999091536
m11-general-vi-unsafe-12,XNLI,general,vi,llmlingua-2,0.5,True,R9_direct_api_guard,20,8,12,0.6,0,0.0,FAIL,0,True,False,,2386.490799835883
m11-business-vi-safe-12,ContractNLI,business,vi,llmlingua-2,0.5,True,R6_direct_compressor,421,192,229,0.5439429928741093,0,0.0,NOT_RUN,1,True,False,,2162.0566000929102
m11-business-vi-safe-12,ContractNLI,business,vi,llmlingua-2,0.5,True,R7_direct_guard,421,192,229,0.5439429928741093,0,0.0,FAIL,1,True,False,,2181.6931000212207
m11-business-vi-safe-12,ContractNLI,business,vi,llmlingua-2,0.5,True,R8_api_guard,421,192,229,0.5439429928741093,0,0.0,FAIL,1,True,False,,2183.5558001184836
m11-business-vi-safe-12,ContractNLI,business,vi,llmlingua-2,0.5,True,R9_direct_api_guard,421,192,229,0.5439429928741093,0,0.0,FAIL,1,True,False,,4345.612400211394
m11-business-en-safe-05,ContractNLI,business,en,llmlingua-2,0.5,True,R6_direct_compressor,401,191,210,0.5236907730673317,0,0.0,NOT_RUN,2,True,False,,1161.4509000210091
m11-business-en-safe-05,ContractNLI,business,en,llmlingua-2,0.5,True,R7_direct_guard,401,191,210,0.5236907730673317,0,0.0,FAIL,2,True,False,,1182.4311000527814
m11-business-en-safe-05,ContractNLI,business,en,llmlingua-2,0.5,True,R8_api_guard,401,191,210,0.5236907730673317,0,0.0,FAIL,2,True,False,,1184.0889999875799
m11-business-en-safe-05,ContractNLI,business,en,llmlingua-2,0.5,True,R9_direct_api_guard,401,191,210,0.5236907730673317,0,0.0,FAIL,2,True,False,,2345.539900008589
m11-general-vi-safe-12,XNLI,general,vi,llmlingua-2,0.5,True,R6_direct_compressor,11,6,5,0.45454545454545453,0,0.0,NOT_RUN,0,True,False,,1168.255600030534
m11-general-vi-safe-12,XNLI,general,vi,llmlingua-2,0.5,True,R7_direct_guard,11,6,5,0.45454545454545453,0,0.0,FAIL,0,True,False,,1168.7119000125676
m11-general-vi-safe-12,XNLI,general,vi,llmlingua-2,0.5,True,R8_api_guard,11,6,5,0.45454545454545453,0,0.0,FAIL,0,True,False,,1170.4942000797018
m11-general-vi-safe-12,XNLI,general,vi,llmlingua-2,0.5,True,R9_direct_api_guard,11,6,5,0.45454545454545453,0,0.0,FAIL,0,True,False,,2338.749800110236
m11-business-vi-safe-21,ContractNLI,business,vi,llmlingua-2,0.5,True,R6_direct_compressor,463,226,237,0.5118790496760259,0,0.0,NOT_RUN,1,True,False,,2146.626399946399
m11-business-vi-safe-21,ContractNLI,business,vi,llmlingua-2,0.5,True,R7_direct_guard,463,226,237,0.5118790496760259,0,0.0,FAIL,1,True,False,,2169.5623999694362
m11-business-vi-safe-21,ContractNLI,business,vi,llmlingua-2,0.5,True,R8_api_guard,463,226,237,0.5118790496760259,0,0.0,FAIL,1,True,False,,2171.141199884005
m11-business-vi-safe-21,ContractNLI,business,vi,llmlingua-2,0.5,True,R9_direct_api_guard,463,226,237,0.5118790496760259,0,0.0,FAIL,1,True,False,,4317.767599830404
m11-general-vi-safe-14,XNLI,general,vi,llmlingua-2,0.5,True,R6_direct_compressor,40,19,21,0.525,0,0.0,NOT_RUN,1,True,False,,1167.9531999398023
m11-general-vi-safe-14,XNLI,general,vi,llmlingua-2,0.5,True,R7_direct_guard,40,19,21,0.525,0,0.0,FAIL,1,True,False,,1168.9833998680115
m11-general-vi-safe-14,XNLI,general,vi,llmlingua-2,0.5,True,R8_api_guard,40,19,21,0.525,0,0.0,FAIL,1,True,False,,1169.9995999224484
m11-general-vi-safe-14,XNLI,general,vi,llmlingua-2,0.5,True,R9_direct_api_guard,40,19,21,0.525,0,0.0,FAIL,1,True,False,,2337.9527998622507
m11-technical-vi-safe-11,technical_documentation,technical,vi,llmlingua-2,0.5,True,R6_direct_compressor,48,21,27,0.5625,0,0.0,NOT_RUN,0,True,False,,1160.9355000546202
m11-technical-vi-safe-11,technical_documentation,technical,vi,llmlingua-2,0.5,True,R7_direct_guard,48,21,27,0.5625,0,0.0,FAIL,0,True,False,,1162.382800015621
m11-technical-vi-safe-11,technical_documentation,technical,vi,llmlingua-2,0.5,True,R8_api_guard,48,21,27,0.5625,0,0.0,FAIL,0,True,False,,1163.8779001077637
m11-technical-vi-safe-11,technical_documentation,technical,vi,llmlingua-2,0.5,True,R9_direct_api_guard,48,21,27,0.5625,0,0.0,FAIL,0,True,False,,2324.813400162384
m11-academic-en-unsafe-14,SciFact,academic,en,llmlingua-2,0.5,True,R6_direct_compressor,382,186,196,0.5130890052356021,0,0.0,NOT_RUN,1,True,False,,1168.752899975516
m11-academic-en-unsafe-14,SciFact,academic,en,llmlingua-2,0.5,True,R7_direct_guard,382,186,196,0.5130890052356021,0,0.0,FAIL,1,True,False,,1192.345799994655
m11-academic-en-unsafe-14,SciFact,academic,en,llmlingua-2,0.5,True,R8_api_guard,382,186,196,0.5130890052356021,0,0.0,FAIL,1,True,False,,1194.0230999607593
m11-academic-en-unsafe-14,SciFact,academic,en,llmlingua-2,0.5,True,R9_direct_api_guard,382,186,196,0.5130890052356021,0,0.0,FAIL,1,True,False,,2362.775999936275
m11-general-en-unsafe-06,XNLI,general,en,llmlingua-2,0.5,True,R6_direct_compressor,38,24,14,0.3684210526315789,0,0.0,NOT_RUN,0,True,False,,1193.0389000335708
m11-general-en-unsafe-06,XNLI,general,en,llmlingua-2,0.5,True,R7_direct_guard,38,24,14,0.3684210526315789,14,0.3684210526315789,PASS,0,True,False,,1194.1342001082376
m11-general-en-unsafe-06,XNLI,general,en,llmlingua-2,0.5,True,R8_api_guard,38,24,14,0.3684210526315789,14,0.3684210526315789,PASS,0,True,False,,1195.7746000261977
m11-general-en-unsafe-06,XNLI,general,en,llmlingua-2,0.5,True,R9_direct_api_guard,38,24,14,0.3684210526315789,14,0.3684210526315789,PASS,0,True,False,,2388.8135000597686
m11-general-vi-unsafe-25,XNLI,general,vi,llmlingua-2,0.5,True,R6_direct_compressor,39,19,20,0.5128205128205128,0,0.0,NOT_RUN,0,True,False,,1191.6248000925407
m11-general-vi-unsafe-25,XNLI,general,vi,llmlingua-2,0.5,True,R7_direct_guard,39,19,20,0.5128205128205128,0,0.0,FAIL,0,True,False,,1192.5778000149876
m11-general-vi-unsafe-25,XNLI,general,vi,llmlingua-2,0.5,True,R8_api_guard,39,19,20,0.5128205128205128,0,0.0,FAIL,0,True,False,,1193.9265000401065
m11-general-vi-unsafe-25,XNLI,general,vi,llmlingua-2,0.5,True,R9_direct_api_guard,39,19,20,0.5128205128205128,0,0.0,FAIL,0,True,False,,2385.551300132647
m11-academic-vi-unsafe-23,SciFact,academic,vi,llmlingua-2,0.5,True,R6_direct_compressor,543,543,0,0.0,0,0.0,NOT_RUN,5,True,True,MODEL_MAX_INPUT_TOKENS_512,0.0
m11-academic-vi-unsafe-23,SciFact,academic,vi,llmlingua-2,0.5,True,R7_direct_guard,543,543,0,0.0,0,0.0,PASS,5,True,True,MODEL_MAX_INPUT_TOKENS_512,25.096400058828294
m11-academic-vi-unsafe-23,SciFact,academic,vi,llmlingua-2,0.5,True,R8_api_guard,543,543,0,0.0,0,0.0,PASS,5,True,True,MODEL_MAX_INPUT_TOKENS_512,28.12989999074489
m11-academic-vi-unsafe-23,SciFact,academic,vi,llmlingua-2,0.5,True,R9_direct_api_guard,543,543,0,0.0,0,0.0,PASS,5,True,True,MODEL_MAX_INPUT_TOKENS_512,28.12989999074489
m11-business-en-unsafe-20,ContractNLI,business,en,llmlingua-2,0.5,True,R6_direct_compressor,520,520,0,0.0,0,0.0,NOT_RUN,15,True,True,MODEL_MAX_INPUT_TOKENS_512,0.0
m11-business-en-unsafe-20,ContractNLI,business,en,llmlingua-2,0.5,True,R7_direct_guard,520,520,0,0.0,0,0.0,PASS,15,True,True,MODEL_MAX_INPUT_TOKENS_512,19.648100016638637
m11-business-en-unsafe-20,ContractNLI,business,en,llmlingua-2,0.5,True,R8_api_guard,520,520,0,0.0,0,0.0,PASS,15,True,True,MODEL_MAX_INPUT_TOKENS_512,21.705799968913198
m11-business-en-unsafe-20,ContractNLI,business,en,llmlingua-2,0.5,True,R9_direct_api_guard,520,520,0,0.0,0,0.0,PASS,15,True,True,MODEL_MAX_INPUT_TOKENS_512,21.705799968913198
m11-business-vi-safe-24,ContractNLI,business,vi,rule-based,0.7,True,R6_direct_compressor,427,323,104,0.24355971896955503,0,0.0,NOT_RUN,2,True,False,,0.2169000217691064
m11-business-vi-safe-24,ContractNLI,business,vi,rule-based,0.7,True,R7_direct_guard,427,323,104,0.24355971896955503,0,0.0,FAIL,2,True,False,,15.677400049753487
m11-business-vi-safe-24,ContractNLI,business,vi,rule-based,0.7,True,R8_api_guard,427,323,104,0.24355971896955503,0,0.0,FAIL,2,True,False,,16.712200012989342
m11-business-vi-safe-24,ContractNLI,business,vi,rule-based,0.7,True,R9_direct_api_guard,427,323,104,0.24355971896955503,0,0.0,FAIL,2,True,False,,16.92910003475845
m11-business-vi-safe-24,ContractNLI,business,vi,rule-based,0.7,False,R6_direct_compressor,427,323,104,0.24355971896955503,0,0.0,NOT_RUN,2,True,False,,0.3448999486863613
m11-business-vi-safe-24,ContractNLI,business,vi,rule-based,0.7,False,R7_direct_guard,427,323,104,0.24355971896955503,0,0.0,FAIL,2,True,False,,15.434299944899976
m11-business-vi-safe-24,ContractNLI,business,vi,rule-based,0.7,False,R8_api_guard,427,323,104,0.24355971896955503,0,0.0,FAIL,2,True,False,,17.320399987511337
m11-business-vi-safe-24,ContractNLI,business,vi,rule-based,0.7,False,R9_direct_api_guard,427,323,104,0.24355971896955503,0,0.0,FAIL,2,True,False,,17.665299936197698
m11-technical-vi-unsafe-13,technical_documentation,technical,vi,rule-based,0.7,True,R6_direct_compressor,70,70,0,0.0,0,0.0,NOT_RUN,2,True,False,,0.028400099836289883
m11-technical-vi-unsafe-13,technical_documentation,technical,vi,rule-based,0.7,True,R7_direct_guard,70,70,0,0.0,0,0.0,PASS,2,True,False,,1.4858001377433538
m11-technical-vi-unsafe-13,technical_documentation,technical,vi,rule-based,0.7,True,R8_api_guard,70,70,0,0.0,0,0.0,PASS,2,True,False,,2.1685000974684954
m11-technical-vi-unsafe-13,technical_documentation,technical,vi,rule-based,0.7,True,R9_direct_api_guard,70,70,0,0.0,0,0.0,PASS,2,True,False,,2.1969001973047853
m11-technical-vi-unsafe-13,technical_documentation,technical,vi,rule-based,0.7,False,R6_direct_compressor,70,70,0,0.0,0,0.0,NOT_RUN,2,True,False,,0.023099943064153194
m11-technical-vi-unsafe-13,technical_documentation,technical,vi,rule-based,0.7,False,R7_direct_guard,70,70,0,0.0,0,0.0,PASS,2,True,False,,1.1449999874457717
m11-technical-vi-unsafe-13,technical_documentation,technical,vi,rule-based,0.7,False,R8_api_guard,70,70,0,0.0,0,0.0,PASS,2,True,False,,1.7578998813405633
m11-technical-vi-unsafe-13,technical_documentation,technical,vi,rule-based,0.7,False,R9_direct_api_guard,70,70,0,0.0,0,0.0,PASS,2,True,False,,1.7809998244047165
m11-technical-en-safe-03,technical_documentation,technical,en,rule-based,0.7,True,R6_direct_compressor,25,25,0,0.0,0,0.0,NOT_RUN,2,True,False,,0.020700041204690933
m11-technical-en-safe-03,technical_documentation,technical,en,rule-based,0.7,True,R7_direct_guard,25,25,0,0.0,0,0.0,PASS,2,True,False,,0.952300033532083
m11-technical-en-safe-03,technical_documentation,technical,en,rule-based,0.7,True,R8_api_guard,25,25,0,0.0,0,0.0,PASS,2,True,False,,1.8038001144304872
m11-technical-en-safe-03,technical_documentation,technical,en,rule-based,0.7,True,R9_direct_api_guard,25,25,0,0.0,0,0.0,PASS,2,True,False,,1.824500155635178
m11-technical-en-safe-03,technical_documentation,technical,en,rule-based,0.7,False,R6_direct_compressor,25,25,0,0.0,0,0.0,NOT_RUN,2,True,False,,0.016000005416572094
m11-technical-en-safe-03,technical_documentation,technical,en,rule-based,0.7,False,R7_direct_guard,25,25,0,0.0,0,0.0,PASS,2,True,False,,0.8319999324157834
m11-technical-en-safe-03,technical_documentation,technical,en,rule-based,0.7,False,R8_api_guard,25,25,0,0.0,0,0.0,PASS,2,True,False,,1.4950999757274985
m11-technical-en-safe-03,technical_documentation,technical,en,rule-based,0.7,False,R9_direct_api_guard,25,25,0,0.0,0,0.0,PASS,2,True,False,,1.5110999811440706
m11-business-en-safe-01,ContractNLI,business,en,rule-based,0.7,True,R6_direct_compressor,473,374,99,0.20930232558139536,0,0.0,NOT_RUN,5,True,False,,0.21279999054968357
m11-business-en-safe-01,ContractNLI,business,en,rule-based,0.7,True,R7_direct_guard,473,374,99,0.20930232558139536,0,0.0,FAIL,5,True,False,,17.335299984551966
m11-business-en-safe-01,ContractNLI,business,en,rule-based,0.7,True,R8_api_guard,473,374,99,0.20930232558139536,0,0.0,FAIL,5,True,False,,16.333900042809546
m11-business-en-safe-01,ContractNLI,business,en,rule-based,0.7,True,R9_direct_api_guard,473,374,99,0.20930232558139536,0,0.0,FAIL,5,True,False,,16.54670003335923
m11-business-en-safe-01,ContractNLI,business,en,rule-based,0.7,False,R6_direct_compressor,473,277,196,0.4143763213530655,0,0.0,NOT_RUN,5,False,False,,0.35909994039684534
m11-business-en-safe-01,ContractNLI,business,en,rule-based,0.7,False,R7_direct_guard,473,277,196,0.4143763213530655,0,0.0,FAIL,5,False,False,,12.027299962937832
m11-business-en-safe-01,ContractNLI,business,en,rule-based,0.7,False,R8_api_guard,473,277,196,0.4143763213530655,0,0.0,FAIL,5,False,False,,15.665499959141016
m11-business-en-safe-01,ContractNLI,business,en,rule-based,0.7,False,R9_direct_api_guard,473,277,196,0.4143763213530655,0,0.0,FAIL,5,False,False,,16.02459989953786
m11-general-vi-unsafe-04,XNLI,general,vi,rule-based,0.7,True,R6_direct_compressor,11,11,0,0.0,0,0.0,NOT_RUN,0,True,False,,0.018300022929906845
m11-general-vi-unsafe-04,XNLI,general,vi,rule-based,0.7,True,R7_direct_guard,11,11,0,0.0,0,0.0,PASS,0,True,False,,0.2943000290542841
m11-general-vi-unsafe-04,XNLI,general,vi,rule-based,0.7,True,R8_api_guard,11,11,0,0.0,0,0.0,PASS,0,True,False,,1.1959000257775187
m11-general-vi-unsafe-04,XNLI,general,vi,rule-based,0.7,True,R9_direct_api_guard,11,11,0,0.0,0,0.0,PASS,0,True,False,,1.2142000487074256
m11-general-vi-unsafe-04,XNLI,general,vi,rule-based,0.7,False,R6_direct_compressor,11,11,0,0.0,0,0.0,NOT_RUN,0,True,False,,0.012299977242946625
m11-general-vi-unsafe-04,XNLI,general,vi,rule-based,0.7,False,R7_direct_guard,11,11,0,0.0,0,0.0,PASS,0,True,False,,0.25479996111243963
m11-general-vi-unsafe-04,XNLI,general,vi,rule-based,0.7,False,R8_api_guard,11,11,0,0.0,0,0.0,PASS,0,True,False,,0.9249999420717359
m11-general-vi-unsafe-04,XNLI,general,vi,rule-based,0.7,False,R9_direct_api_guard,11,11,0,0.0,0,0.0,PASS,0,True,False,,0.9372999193146825
m11-general-vi-safe-04,XNLI,general,vi,rule-based,0.7,True,R6_direct_compressor,40,40,0,0.0,0,0.0,NOT_RUN,4,True,False,,0.03499991726130247
m11-general-vi-safe-04,XNLI,general,vi,rule-based,0.7,True,R7_direct_guard,40,40,0,0.0,0,0.0,PASS,4,True,False,,0.9248999413102865
m11-general-vi-safe-04,XNLI,general,vi,rule-based,0.7,True,R8_api_guard,40,40,0,0.0,0,0.0,PASS,4,True,False,,1.5067998319864273
m11-general-vi-safe-04,XNLI,general,vi,rule-based,0.7,True,R9_direct_api_guard,40,40,0,0.0,0,0.0,PASS,4,True,False,,1.5417997492477298
m11-general-vi-safe-04,XNLI,general,vi,rule-based,0.7,False,R6_direct_compressor,40,40,0,0.0,0,0.0,NOT_RUN,4,True,False,,0.02019992098212242
m11-general-vi-safe-04,XNLI,general,vi,rule-based,0.7,False,R7_direct_guard,40,40,0,0.0,0,0.0,PASS,4,True,False,,1.324299955740571
m11-general-vi-safe-04,XNLI,general,vi,rule-based,0.7,False,R8_api_guard,40,40,0,0.0,0,0.0,PASS,4,True,False,,1.6774999676272273
m11-general-vi-safe-04,XNLI,general,vi,rule-based,0.7,False,R9_direct_api_guard,40,40,0,0.0,0,0.0,PASS,4,True,False,,1.6976998886093497
m11-academic-vi-unsafe-10,SciFact,academic,vi,rule-based,0.7,True,R6_direct_compressor,438,378,60,0.136986301369863,0,0.0,NOT_RUN,11,True,False,,0.23230002261698246
m11-academic-vi-unsafe-10,SciFact,academic,vi,rule-based,0.7,True,R7_direct_guard,438,378,60,0.136986301369863,0,0.0,FAIL,11,True,False,,13.833099976181984
m11-academic-vi-unsafe-10,SciFact,academic,vi,rule-based,0.7,True,R8_api_guard,438,378,60,0.136986301369863,0,0.0,FAIL,11,True,False,,17.317699966952205
m11-academic-vi-unsafe-10,SciFact,academic,vi,rule-based,0.7,True,R9_direct_api_guard,438,378,60,0.136986301369863,0,0.0,FAIL,11,True,False,,17.549999989569187
m11-academic-vi-unsafe-10,SciFact,academic,vi,rule-based,0.7,False,R6_direct_compressor,438,229,209,0.4771689497716895,0,0.0,NOT_RUN,11,False,False,,0.17460004892200232
m11-academic-vi-unsafe-10,SciFact,academic,vi,rule-based,0.7,False,R7_direct_guard,438,229,209,0.4771689497716895,0,0.0,FAIL,11,False,False,,13.341300073079765
m11-academic-vi-unsafe-10,SciFact,academic,vi,rule-based,0.7,False,R8_api_guard,438,229,209,0.4771689497716895,0,0.0,FAIL,11,False,False,,14.307800098322332
m11-academic-vi-unsafe-10,SciFact,academic,vi,rule-based,0.7,False,R9_direct_api_guard,438,229,209,0.4771689497716895,0,0.0,FAIL,11,False,False,,14.482400147244334
m11-business-en-safe-11,ContractNLI,business,en,rule-based,0.7,True,R6_direct_compressor,405,395,10,0.024691358024691357,0,0.0,NOT_RUN,1,True,False,,0.23799994960427284
m11-business-en-safe-11,ContractNLI,business,en,rule-based,0.7,True,R7_direct_guard,405,395,10,0.024691358024691357,0,0.0,FAIL,1,True,False,,14.757499913685024
m11-business-en-safe-11,ContractNLI,business,en,rule-based,0.7,True,R8_api_guard,405,395,10,0.024691358024691357,0,0.0,FAIL,1,True,False,,15.396200004033744
m11-business-en-safe-11,ContractNLI,business,en,rule-based,0.7,True,R9_direct_api_guard,405,395,10,0.024691358024691357,0,0.0,FAIL,1,True,False,,15.634199953638017
m11-business-en-safe-11,ContractNLI,business,en,rule-based,0.7,False,R6_direct_compressor,405,201,204,0.5037037037037037,0,0.0,NOT_RUN,1,False,False,,0.2992999507114291
m11-business-en-safe-11,ContractNLI,business,en,rule-based,0.7,False,R7_direct_guard,405,201,204,0.5037037037037037,0,0.0,FAIL,1,False,False,,12.161399936303496
m11-business-en-safe-11,ContractNLI,business,en,rule-based,0.7,False,R8_api_guard,405,201,204,0.5037037037037037,0,0.0,FAIL,1,False,False,,12.11179990787059
m11-business-en-safe-11,ContractNLI,business,en,rule-based,0.7,False,R9_direct_api_guard,405,201,204,0.5037037037037037,0,0.0,FAIL,1,False,False,,12.41109985858202
m11-business-vi-unsafe-14,ContractNLI,business,vi,rule-based,0.7,True,R6_direct_compressor,463,216,247,0.5334773218142549,0,0.0,NOT_RUN,1,True,False,,0.1821999903768301
m11-business-vi-unsafe-14,ContractNLI,business,vi,rule-based,0.7,True,R7_direct_guard,463,216,247,0.5334773218142549,0,0.0,FAIL,1,True,False,,11.777999927289784
m11-business-vi-unsafe-14,ContractNLI,business,vi,rule-based,0.7,True,R8_api_guard,463,216,247,0.5334773218142549,0,0.0,FAIL,1,True,False,,11.407599900849164
m11-business-vi-unsafe-14,ContractNLI,business,vi,rule-based,0.7,True,R9_direct_api_guard,463,216,247,0.5334773218142549,0,0.0,FAIL,1,True,False,,11.589799891225994
m11-business-vi-safe-11,ContractNLI,business,vi,rule-based,0.7,True,R6_direct_compressor,421,411,10,0.023752969121140142,0,0.0,NOT_RUN,1,True,False,,0.1767999492585659
m11-business-vi-safe-11,ContractNLI,business,vi,rule-based,0.7,True,R7_direct_guard,421,411,10,0.023752969121140142,0,0.0,FAIL,1,True,False,,15.120700001716614
m11-business-vi-safe-11,ContractNLI,business,vi,rule-based,0.7,True,R8_api_guard,421,411,10,0.023752969121140142,0,0.0,FAIL,1,True,False,,15.774299972690642
m11-business-vi-safe-11,ContractNLI,business,vi,rule-based,0.7,True,R9_direct_api_guard,421,411,10,0.023752969121140142,0,0.0,FAIL,1,True,False,,15.951099921949208
m11-academic-vi-safe-21,SciFact,academic,vi,rule-based,0.7,True,R6_direct_compressor,399,227,172,0.43107769423558895,0,0.0,NOT_RUN,1,True,False,,0.16659998800605536
m11-academic-vi-safe-21,SciFact,academic,vi,rule-based,0.7,True,R7_direct_guard,399,227,172,0.43107769423558895,0,0.0,FAIL,1,True,False,,11.389399995096028
m11-academic-vi-safe-21,SciFact,academic,vi,rule-based,0.7,True,R8_api_guard,399,227,172,0.43107769423558895,0,0.0,FAIL,1,True,False,,12.6587999984622
m11-academic-vi-safe-21,SciFact,academic,vi,rule-based,0.7,True,R9_direct_api_guard,399,227,172,0.43107769423558895,0,0.0,FAIL,1,True,False,,12.825399986468256
m11-academic-vi-unsafe-13,SciFact,academic,vi,rule-based,0.7,True,R6_direct_compressor,393,289,104,0.26463104325699743,0,0.0,NOT_RUN,11,False,False,,0.19239995162934065
m11-academic-vi-unsafe-13,SciFact,academic,vi,rule-based,0.7,True,R7_direct_guard,393,289,104,0.26463104325699743,0,0.0,FAIL,11,False,False,,10.197899886406958
m11-academic-vi-unsafe-13,SciFact,academic,vi,rule-based,0.7,True,R8_api_guard,393,289,104,0.26463104325699743,0,0.0,FAIL,11,False,False,,11.70899998396635
m11-academic-vi-unsafe-13,SciFact,academic,vi,rule-based,0.7,True,R9_direct_api_guard,393,289,104,0.26463104325699743,0,0.0,FAIL,11,False,False,,11.901399935595691
m11-general-vi-unsafe-12,XNLI,general,vi,rule-based,0.7,True,R6_direct_compressor,20,20,0,0.0,0,0.0,NOT_RUN,0,True,False,,0.01680001150816679
m11-general-vi-unsafe-12,XNLI,general,vi,rule-based,0.7,True,R7_direct_guard,20,20,0,0.0,0,0.0,PASS,0,True,False,,0.30700000934302807
m11-general-vi-unsafe-12,XNLI,general,vi,rule-based,0.7,True,R8_api_guard,20,20,0,0.0,0,0.0,PASS,0,True,False,,1.1898999800905585
m11-general-vi-unsafe-12,XNLI,general,vi,rule-based,0.7,True,R9_direct_api_guard,20,20,0,0.0,0,0.0,PASS,0,True,False,,1.2066999915987253
m11-business-vi-safe-12,ContractNLI,business,vi,rule-based,0.7,True,R6_direct_compressor,421,411,10,0.023752969121140142,0,0.0,NOT_RUN,1,True,False,,0.1879000337794423
m11-business-vi-safe-12,ContractNLI,business,vi,rule-based,0.7,True,R7_direct_guard,421,411,10,0.023752969121140142,0,0.0,FAIL,1,True,False,,14.392900047823787
m11-business-vi-safe-12,ContractNLI,business,vi,rule-based,0.7,True,R8_api_guard,421,411,10,0.023752969121140142,0,0.0,FAIL,1,True,False,,17.321099992841482
m11-business-vi-safe-12,ContractNLI,business,vi,rule-based,0.7,True,R9_direct_api_guard,421,411,10,0.023752969121140142,0,0.0,FAIL,1,True,False,,17.509000026620924
m11-business-en-safe-05,ContractNLI,business,en,rule-based,0.7,True,R6_direct_compressor,401,279,122,0.30423940149625933,0,0.0,NOT_RUN,2,True,False,,0.21620001643896103
m11-business-en-safe-05,ContractNLI,business,en,rule-based,0.7,True,R7_direct_guard,401,279,122,0.30423940149625933,0,0.0,FAIL,2,True,False,,15.38500003516674
m11-business-en-safe-05,ContractNLI,business,en,rule-based,0.7,True,R8_api_guard,401,279,122,0.30423940149625933,0,0.0,FAIL,2,True,False,,15.747500001452863
m11-business-en-safe-05,ContractNLI,business,en,rule-based,0.7,True,R9_direct_api_guard,401,279,122,0.30423940149625933,0,0.0,FAIL,2,True,False,,15.963700017891824
m11-general-vi-safe-12,XNLI,general,vi,rule-based,0.7,True,R6_direct_compressor,11,11,0,0.0,0,0.0,NOT_RUN,0,True,False,,0.016300007700920105
m11-general-vi-safe-12,XNLI,general,vi,rule-based,0.7,True,R7_direct_guard,11,11,0,0.0,0,0.0,PASS,0,True,False,,0.34520006738603115
m11-general-vi-safe-12,XNLI,general,vi,rule-based,0.7,True,R8_api_guard,11,11,0,0.0,0,0.0,PASS,0,True,False,,1.1471000034362078
m11-general-vi-safe-12,XNLI,general,vi,rule-based,0.7,True,R9_direct_api_guard,11,11,0,0.0,0,0.0,PASS,0,True,False,,1.1634000111371279
m11-business-vi-safe-21,ContractNLI,business,vi,rule-based,0.7,True,R6_direct_compressor,463,216,247,0.5334773218142549,0,0.0,NOT_RUN,1,True,False,,0.21039997227489948
m11-business-vi-safe-21,ContractNLI,business,vi,rule-based,0.7,True,R7_direct_guard,463,216,247,0.5334773218142549,0,0.0,FAIL,1,True,False,,10.536799905821681
m11-business-vi-safe-21,ContractNLI,business,vi,rule-based,0.7,True,R8_api_guard,463,216,247,0.5334773218142549,0,0.0,FAIL,1,True,False,,11.827999958768487
m11-business-vi-safe-21,ContractNLI,business,vi,rule-based,0.7,True,R9_direct_api_guard,463,216,247,0.5334773218142549,0,0.0,FAIL,1,True,False,,12.038399931043386
m11-general-vi-safe-14,XNLI,general,vi,rule-based,0.7,True,R6_direct_compressor,40,40,0,0.0,0,0.0,NOT_RUN,1,True,False,,0.028399983420968056
m11-general-vi-safe-14,XNLI,general,vi,rule-based,0.7,True,R7_direct_guard,40,40,0,0.0,0,0.0,PASS,1,True,False,,0.7981999078765512
m11-general-vi-safe-14,XNLI,general,vi,rule-based,0.7,True,R8_api_guard,40,40,0,0.0,0,0.0,PASS,1,True,False,,1.8765999702736735
m11-general-vi-safe-14,XNLI,general,vi,rule-based,0.7,True,R9_direct_api_guard,40,40,0,0.0,0,0.0,PASS,1,True,False,,1.9049999536946416
m11-technical-vi-safe-11,technical_documentation,technical,vi,rule-based,0.7,True,R6_direct_compressor,48,48,0,0.0,0,0.0,NOT_RUN,0,True,False,,0.025999965146183968
m11-technical-vi-safe-11,technical_documentation,technical,vi,rule-based,0.7,True,R7_direct_guard,48,48,0,0.0,0,0.0,PASS,0,True,False,,0.8612999226897955
m11-technical-vi-safe-11,technical_documentation,technical,vi,rule-based,0.7,True,R8_api_guard,48,48,0,0.0,0,0.0,PASS,0,True,False,,1.7567999893799424
m11-technical-vi-safe-11,technical_documentation,technical,vi,rule-based,0.7,True,R9_direct_api_guard,48,48,0,0.0,0,0.0,PASS,0,True,False,,1.7827999545261264
m11-academic-en-unsafe-14,SciFact,academic,en,rule-based,0.7,True,R6_direct_compressor,382,210,172,0.450261780104712,0,0.0,NOT_RUN,1,True,False,,0.15580002218484879
m11-academic-en-unsafe-14,SciFact,academic,en,rule-based,0.7,True,R7_direct_guard,382,210,172,0.450261780104712,0,0.0,FAIL,1,True,False,,11.726099997758865
m11-academic-en-unsafe-14,SciFact,academic,en,rule-based,0.7,True,R8_api_guard,382,210,172,0.450261780104712,0,0.0,FAIL,1,True,False,,13.096699956804514
m11-academic-en-unsafe-14,SciFact,academic,en,rule-based,0.7,True,R9_direct_api_guard,382,210,172,0.450261780104712,0,0.0,FAIL,1,True,False,,13.252499978989363
m11-general-en-unsafe-06,XNLI,general,en,rule-based,0.7,True,R6_direct_compressor,38,38,0,0.0,0,0.0,NOT_RUN,0,True,False,,0.023300061002373695
m11-general-en-unsafe-06,XNLI,general,en,rule-based,0.7,True,R7_direct_guard,38,38,0,0.0,0,0.0,PASS,0,True,False,,0.6810999475419521
m11-general-en-unsafe-06,XNLI,general,en,rule-based,0.7,True,R8_api_guard,38,38,0,0.0,0,0.0,PASS,0,True,False,,1.5631001442670822
m11-general-en-unsafe-06,XNLI,general,en,rule-based,0.7,True,R9_direct_api_guard,38,38,0,0.0,0,0.0,PASS,0,True,False,,1.586400205269456
m11-general-vi-unsafe-25,XNLI,general,vi,rule-based,0.7,True,R6_direct_compressor,39,39,0,0.0,0,0.0,NOT_RUN,0,True,False,,0.024400069378316402
m11-general-vi-unsafe-25,XNLI,general,vi,rule-based,0.7,True,R7_direct_guard,39,39,0,0.0,0,0.0,PASS,0,True,False,,1.6478000907227397
m11-general-vi-unsafe-25,XNLI,general,vi,rule-based,0.7,True,R8_api_guard,39,39,0,0.0,0,0.0,PASS,0,True,False,,2.064900007098913
m11-general-vi-unsafe-25,XNLI,general,vi,rule-based,0.7,True,R9_direct_api_guard,39,39,0,0.0,0,0.0,PASS,0,True,False,,2.0893000764772296
m11-academic-vi-unsafe-23,SciFact,academic,vi,rule-based,0.7,True,R6_direct_compressor,543,316,227,0.4180478821362799,0,0.0,NOT_RUN,5,False,False,,0.2449000021442771
m11-academic-vi-unsafe-23,SciFact,academic,vi,rule-based,0.7,True,R7_direct_guard,543,316,227,0.4180478821362799,0,0.0,FAIL,5,False,False,,14.619700028561056
m11-academic-vi-unsafe-23,SciFact,academic,vi,rule-based,0.7,True,R8_api_guard,543,316,227,0.4180478821362799,0,0.0,FAIL,5,False,False,,16.51980006136
m11-academic-vi-unsafe-23,SciFact,academic,vi,rule-based,0.7,True,R9_direct_api_guard,543,316,227,0.4180478821362799,0,0.0,FAIL,5,False,False,,16.76470006350428
m11-business-en-unsafe-20,ContractNLI,business,en,rule-based,0.7,True,R6_direct_compressor,520,524,0,0.0,0,0.0,NOT_RUN,15,False,False,,0.26489992160350084
m11-business-en-unsafe-20,ContractNLI,business,en,rule-based,0.7,True,R7_direct_guard,520,524,0,0.0,0,0.0,FAIL,15,False,False,,14.934099977836013
m11-business-en-unsafe-20,ContractNLI,business,en,rule-based,0.7,True,R8_api_guard,520,524,0,0.0,0,0.0,FAIL,15,False,False,,16.938799992203712
m11-business-en-unsafe-20,ContractNLI,business,en,rule-based,0.7,True,R9_direct_api_guard,520,524,0,0.0,0,0.0,FAIL,15,False,False,,17.203699913807213
m11-business-vi-safe-24,ContractNLI,business,vi,llmlingua-2,0.7,True,R6_direct_compressor,427,297,130,0.3044496487119438,0,0.0,NOT_RUN,2,True,False,,2297.6140999235213
m11-business-vi-safe-24,ContractNLI,business,vi,llmlingua-2,0.7,True,R7_direct_guard,427,297,130,0.3044496487119438,0,0.0,FAIL,2,True,False,,2322.578299907036
m11-business-vi-safe-24,ContractNLI,business,vi,llmlingua-2,0.7,True,R8_api_guard,427,297,130,0.3044496487119438,0,0.0,FAIL,2,True,False,,2321.844199905172
m11-business-vi-safe-24,ContractNLI,business,vi,llmlingua-2,0.7,True,R9_direct_api_guard,427,297,130,0.3044496487119438,0,0.0,FAIL,2,True,False,,4619.458299828693
m11-technical-vi-unsafe-13,technical_documentation,technical,vi,llmlingua-2,0.7,True,R6_direct_compressor,70,51,19,0.2714285714285714,0,0.0,NOT_RUN,2,True,False,,1177.5727999629453
m11-technical-vi-unsafe-13,technical_documentation,technical,vi,llmlingua-2,0.7,True,R7_direct_guard,70,51,19,0.2714285714285714,0,0.0,FAIL,2,True,False,,1179.1848000138998
m11-technical-vi-unsafe-13,technical_documentation,technical,vi,llmlingua-2,0.7,True,R8_api_guard,70,51,19,0.2714285714285714,0,0.0,FAIL,2,True,False,,1180.6163999717683
m11-technical-vi-unsafe-13,technical_documentation,technical,vi,llmlingua-2,0.7,True,R9_direct_api_guard,70,51,19,0.2714285714285714,0,0.0,FAIL,2,True,False,,2358.1891999347135
m11-technical-en-safe-03,technical_documentation,technical,en,llmlingua-2,0.7,True,R6_direct_compressor,25,16,9,0.36,0,0.0,NOT_RUN,2,True,False,,1163.1212000502273
m11-technical-en-safe-03,technical_documentation,technical,en,llmlingua-2,0.7,True,R7_direct_guard,25,16,9,0.36,0,0.0,FAIL,2,True,False,,1164.6348000504076
m11-technical-en-safe-03,technical_documentation,technical,en,llmlingua-2,0.7,True,R8_api_guard,25,16,9,0.36,0,0.0,FAIL,2,True,False,,1165.9527000738308
m11-technical-en-safe-03,technical_documentation,technical,en,llmlingua-2,0.7,True,R9_direct_api_guard,25,16,9,0.36,0,0.0,FAIL,2,True,False,,2329.073900124058
m11-business-en-safe-01,ContractNLI,business,en,llmlingua-2,0.7,True,R6_direct_compressor,473,338,135,0.2854122621564482,0,0.0,NOT_RUN,5,True,False,,2305.826700059697
m11-business-en-safe-01,ContractNLI,business,en,llmlingua-2,0.7,True,R7_direct_guard,473,338,135,0.2854122621564482,0,0.0,FAIL,5,True,False,,2324.746400117874
m11-business-en-safe-01,ContractNLI,business,en,llmlingua-2,0.7,True,R8_api_guard,473,338,135,0.2854122621564482,0,0.0,FAIL,5,True,False,,2327.413500053808
m11-business-en-safe-01,ContractNLI,business,en,llmlingua-2,0.7,True,R9_direct_api_guard,473,338,135,0.2854122621564482,0,0.0,FAIL,5,True,False,,4633.240200113505
m11-general-vi-unsafe-04,XNLI,general,vi,llmlingua-2,0.7,True,R6_direct_compressor,11,7,4,0.36363636363636365,0,0.0,NOT_RUN,0,True,False,,1200.4377000266686
m11-general-vi-unsafe-04,XNLI,general,vi,llmlingua-2,0.7,True,R7_direct_guard,11,7,4,0.36363636363636365,0,0.0,FAIL,0,True,False,,1200.9524999884889
m11-general-vi-unsafe-04,XNLI,general,vi,llmlingua-2,0.7,True,R8_api_guard,11,7,4,0.36363636363636365,0,0.0,FAIL,0,True,False,,1202.546100015752
m11-general-vi-unsafe-04,XNLI,general,vi,llmlingua-2,0.7,True,R9_direct_api_guard,11,7,4,0.36363636363636365,0,0.0,FAIL,0,True,False,,2402.9838000424206
m11-general-vi-safe-04,XNLI,general,vi,llmlingua-2,0.7,True,R6_direct_compressor,40,28,12,0.3,0,0.0,NOT_RUN,4,True,False,,1193.5475999489427
m11-general-vi-safe-04,XNLI,general,vi,llmlingua-2,0.7,True,R7_direct_guard,40,28,12,0.3,0,0.0,FAIL,4,True,False,,1194.9624998960644
m11-general-vi-safe-04,XNLI,general,vi,llmlingua-2,0.7,True,R8_api_guard,40,28,12,0.3,0,0.0,FAIL,4,True,False,,1195.945099927485
m11-general-vi-safe-04,XNLI,general,vi,llmlingua-2,0.7,True,R9_direct_api_guard,40,28,12,0.3,0,0.0,FAIL,4,True,False,,2389.4926998764277
m11-academic-vi-unsafe-10,SciFact,academic,vi,llmlingua-2,0.7,True,R6_direct_compressor,438,312,126,0.2876712328767123,0,0.0,NOT_RUN,11,True,False,,1171.0173999890685
m11-academic-vi-unsafe-10,SciFact,academic,vi,llmlingua-2,0.7,True,R7_direct_guard,438,312,126,0.2876712328767123,0,0.0,FAIL,11,True,False,,1202.3951999144629
m11-academic-vi-unsafe-10,SciFact,academic,vi,llmlingua-2,0.7,True,R8_api_guard,438,312,126,0.2876712328767123,0,0.0,FAIL,11,True,False,,1203.7647999823093
m11-academic-vi-unsafe-10,SciFact,academic,vi,llmlingua-2,0.7,True,R9_direct_api_guard,438,312,126,0.2876712328767123,0,0.0,FAIL,11,True,False,,2374.782199971378
m11-business-en-safe-11,ContractNLI,business,en,llmlingua-2,0.7,True,R6_direct_compressor,405,272,133,0.32839506172839505,0,0.0,NOT_RUN,1,True,False,,1171.3275000220165
m11-business-en-safe-11,ContractNLI,business,en,llmlingua-2,0.7,True,R7_direct_guard,405,272,133,0.32839506172839505,0,0.0,FAIL,1,True,False,,1190.469600027427
m11-business-en-safe-11,ContractNLI,business,en,llmlingua-2,0.7,True,R8_api_guard,405,272,133,0.32839506172839505,0,0.0,FAIL,1,True,False,,1192.7892999956384
m11-business-en-safe-11,ContractNLI,business,en,llmlingua-2,0.7,True,R9_direct_api_guard,405,272,133,0.32839506172839505,0,0.0,FAIL,1,True,False,,2364.116800017655
m11-business-vi-unsafe-14,ContractNLI,business,vi,llmlingua-2,0.7,True,R6_direct_compressor,463,312,151,0.326133909287257,0,0.0,NOT_RUN,1,True,False,,2281.738599995151
m11-business-vi-unsafe-14,ContractNLI,business,vi,llmlingua-2,0.7,True,R7_direct_guard,463,312,151,0.326133909287257,0,0.0,FAIL,1,True,False,,2300.4638999700546
m11-business-vi-unsafe-14,ContractNLI,business,vi,llmlingua-2,0.7,True,R8_api_guard,463,312,151,0.326133909287257,0,0.0,FAIL,1,True,False,,2301.0858999332413
m11-business-vi-unsafe-14,ContractNLI,business,vi,llmlingua-2,0.7,True,R9_direct_api_guard,463,312,151,0.326133909287257,0,0.0,FAIL,1,True,False,,4582.8244999283925
m11-business-vi-safe-11,ContractNLI,business,vi,llmlingua-2,0.7,True,R6_direct_compressor,421,280,141,0.334916864608076,0,0.0,NOT_RUN,1,True,False,,2296.601500012912
m11-business-vi-safe-11,ContractNLI,business,vi,llmlingua-2,0.7,True,R7_direct_guard,421,280,141,0.334916864608076,0,0.0,FAIL,1,True,False,,2315.881700022146
m11-business-vi-safe-11,ContractNLI,business,vi,llmlingua-2,0.7,True,R8_api_guard,421,280,141,0.334916864608076,0,0.0,FAIL,1,True,False,,2316.9376000296324
m11-business-vi-safe-11,ContractNLI,business,vi,llmlingua-2,0.7,True,R9_direct_api_guard,421,280,141,0.334916864608076,0,0.0,FAIL,1,True,False,,4613.539100042544
m11-academic-vi-safe-21,SciFact,academic,vi,llmlingua-2,0.7,True,R6_direct_compressor,399,284,115,0.2882205513784461,0,0.0,NOT_RUN,1,True,False,,1213.9489999972284
m11-academic-vi-safe-21,SciFact,academic,vi,llmlingua-2,0.7,True,R7_direct_guard,399,284,115,0.2882205513784461,0,0.0,FAIL,1,True,False,,1235.2974999230355
m11-academic-vi-safe-21,SciFact,academic,vi,llmlingua-2,0.7,True,R8_api_guard,399,284,115,0.2882205513784461,0,0.0,FAIL,1,True,False,,1236.9259000988677
m11-academic-vi-safe-21,SciFact,academic,vi,llmlingua-2,0.7,True,R9_direct_api_guard,399,284,115,0.2882205513784461,0,0.0,FAIL,1,True,False,,2450.874900096096
m11-academic-vi-unsafe-13,SciFact,academic,vi,llmlingua-2,0.7,True,R6_direct_compressor,393,281,112,0.28498727735368956,0,0.0,NOT_RUN,11,True,False,,1180.0000000512227
m11-academic-vi-unsafe-13,SciFact,academic,vi,llmlingua-2,0.7,True,R7_direct_guard,393,281,112,0.28498727735368956,0,0.0,FAIL,11,True,False,,1202.1280000917614
m11-academic-vi-unsafe-13,SciFact,academic,vi,llmlingua-2,0.7,True,R8_api_guard,393,281,112,0.28498727735368956,0,0.0,FAIL,11,True,False,,1201.154800131917
m11-academic-vi-unsafe-13,SciFact,academic,vi,llmlingua-2,0.7,True,R9_direct_api_guard,393,281,112,0.28498727735368956,0,0.0,FAIL,11,True,False,,2381.1548001831397
m11-general-vi-unsafe-12,XNLI,general,vi,llmlingua-2,0.7,True,R6_direct_compressor,20,12,8,0.4,0,0.0,NOT_RUN,0,True,False,,1173.7984999781474
m11-general-vi-unsafe-12,XNLI,general,vi,llmlingua-2,0.7,True,R7_direct_guard,20,12,8,0.4,0,0.0,FAIL,0,True,False,,1174.303499981761
m11-general-vi-unsafe-12,XNLI,general,vi,llmlingua-2,0.7,True,R8_api_guard,20,12,8,0.4,0,0.0,FAIL,0,True,False,,1175.5421999841928
m11-general-vi-unsafe-12,XNLI,general,vi,llmlingua-2,0.7,True,R9_direct_api_guard,20,12,8,0.4,0,0.0,FAIL,0,True,False,,2349.3406999623403
m11-business-vi-safe-12,ContractNLI,business,vi,llmlingua-2,0.7,True,R6_direct_compressor,421,280,141,0.334916864608076,0,0.0,NOT_RUN,1,True,False,,2174.7989000286907
m11-business-vi-safe-12,ContractNLI,business,vi,llmlingua-2,0.7,True,R7_direct_guard,421,280,141,0.334916864608076,0,0.0,FAIL,1,True,False,,2193.7280000420287
m11-business-vi-safe-12,ContractNLI,business,vi,llmlingua-2,0.7,True,R8_api_guard,421,280,141,0.334916864608076,0,0.0,FAIL,1,True,False,,2195.3803000506014
m11-business-vi-safe-12,ContractNLI,business,vi,llmlingua-2,0.7,True,R9_direct_api_guard,421,280,141,0.334916864608076,0,0.0,FAIL,1,True,False,,4370.179200079292
m11-business-en-safe-05,ContractNLI,business,en,llmlingua-2,0.7,True,R6_direct_compressor,401,274,127,0.3167082294264339,0,0.0,NOT_RUN,2,True,False,,1212.4618000816554
m11-business-en-safe-05,ContractNLI,business,en,llmlingua-2,0.7,True,R7_direct_guard,401,274,127,0.3167082294264339,0,0.0,FAIL,2,True,False,,1233.2862000912428
m11-business-en-safe-05,ContractNLI,business,en,llmlingua-2,0.7,True,R8_api_guard,401,274,127,0.3167082294264339,0,0.0,FAIL,2,True,False,,1235.0732000777498
m11-business-en-safe-05,ContractNLI,business,en,llmlingua-2,0.7,True,R9_direct_api_guard,401,274,127,0.3167082294264339,0,0.0,FAIL,2,True,False,,2447.535000159405
m11-general-vi-safe-12,XNLI,general,vi,llmlingua-2,0.7,True,R6_direct_compressor,11,7,4,0.36363636363636365,0,0.0,NOT_RUN,0,True,False,,1203.7023999728262
m11-general-vi-safe-12,XNLI,general,vi,llmlingua-2,0.7,True,R7_direct_guard,11,7,4,0.36363636363636365,0,0.0,FAIL,0,True,False,,1204.2446000268683
m11-general-vi-safe-12,XNLI,general,vi,llmlingua-2,0.7,True,R8_api_guard,11,7,4,0.36363636363636365,0,0.0,FAIL,0,True,False,,1205.8799000224099
m11-general-vi-safe-12,XNLI,general,vi,llmlingua-2,0.7,True,R9_direct_api_guard,11,7,4,0.36363636363636365,0,0.0,FAIL,0,True,False,,2409.582299995236
m11-business-vi-safe-21,ContractNLI,business,vi,llmlingua-2,0.7,True,R6_direct_compressor,463,312,151,0.326133909287257,0,0.0,NOT_RUN,1,True,False,,2205.7864000089467
m11-business-vi-safe-21,ContractNLI,business,vi,llmlingua-2,0.7,True,R7_direct_guard,463,312,151,0.326133909287257,0,0.0,FAIL,1,True,False,,2227.5403999956325
m11-business-vi-safe-21,ContractNLI,business,vi,llmlingua-2,0.7,True,R8_api_guard,463,312,151,0.326133909287257,0,0.0,FAIL,1,True,False,,2222.3625000333413
m11-business-vi-safe-21,ContractNLI,business,vi,llmlingua-2,0.7,True,R9_direct_api_guard,463,312,151,0.326133909287257,0,0.0,FAIL,1,True,False,,4428.148900042288
m11-general-vi-safe-14,XNLI,general,vi,llmlingua-2,0.7,True,R6_direct_compressor,40,29,11,0.275,0,0.0,NOT_RUN,1,True,False,,1254.6694999327883
m11-general-vi-safe-14,XNLI,general,vi,llmlingua-2,0.7,True,R7_direct_guard,40,29,11,0.275,11,0.275,PASS,1,True,False,,1256.3502999255434
m11-general-vi-safe-14,XNLI,general,vi,llmlingua-2,0.7,True,R8_api_guard,40,29,11,0.275,11,0.275,PASS,1,True,False,,1257.8522999538109
m11-general-vi-safe-14,XNLI,general,vi,llmlingua-2,0.7,True,R9_direct_api_guard,40,29,11,0.275,11,0.275,PASS,1,True,False,,2512.521799886599
m11-technical-vi-safe-11,technical_documentation,technical,vi,llmlingua-2,0.7,True,R6_direct_compressor,48,34,14,0.2916666666666667,0,0.0,NOT_RUN,0,True,False,,1323.2864999445155
m11-technical-vi-safe-11,technical_documentation,technical,vi,llmlingua-2,0.7,True,R7_direct_guard,48,34,14,0.2916666666666667,14,0.2916666666666667,PASS,0,True,False,,1324.4650999549776
m11-technical-vi-safe-11,technical_documentation,technical,vi,llmlingua-2,0.7,True,R8_api_guard,48,34,14,0.2916666666666667,14,0.2916666666666667,PASS,0,True,False,,1325.7598999189213
m11-technical-vi-safe-11,technical_documentation,technical,vi,llmlingua-2,0.7,True,R9_direct_api_guard,48,34,14,0.2916666666666667,14,0.2916666666666667,PASS,0,True,False,,2649.046399863437
m11-academic-en-unsafe-14,SciFact,academic,en,llmlingua-2,0.7,True,R6_direct_compressor,382,266,116,0.3036649214659686,0,0.0,NOT_RUN,1,True,False,,1185.1801000302657
m11-academic-en-unsafe-14,SciFact,academic,en,llmlingua-2,0.7,True,R7_direct_guard,382,266,116,0.3036649214659686,0,0.0,FAIL,1,True,False,,1202.842800063081
m11-academic-en-unsafe-14,SciFact,academic,en,llmlingua-2,0.7,True,R8_api_guard,382,266,116,0.3036649214659686,0,0.0,FAIL,1,True,False,,1205.3509999532253
m11-academic-en-unsafe-14,SciFact,academic,en,llmlingua-2,0.7,True,R9_direct_api_guard,382,266,116,0.3036649214659686,0,0.0,FAIL,1,True,False,,2390.531099983491
m11-general-en-unsafe-06,XNLI,general,en,llmlingua-2,0.7,True,R6_direct_compressor,38,30,8,0.21052631578947367,0,0.0,NOT_RUN,0,True,False,,1187.0742000173777
m11-general-en-unsafe-06,XNLI,general,en,llmlingua-2,0.7,True,R7_direct_guard,38,30,8,0.21052631578947367,8,0.21052631578947367,PASS,0,True,False,,1188.306999974884
m11-general-en-unsafe-06,XNLI,general,en,llmlingua-2,0.7,True,R8_api_guard,38,30,8,0.21052631578947367,8,0.21052631578947367,PASS,0,True,False,,1190.2361999964342
m11-general-en-unsafe-06,XNLI,general,en,llmlingua-2,0.7,True,R9_direct_api_guard,38,30,8,0.21052631578947367,8,0.21052631578947367,PASS,0,True,False,,2377.310400013812
m11-general-vi-unsafe-25,XNLI,general,vi,llmlingua-2,0.7,True,R6_direct_compressor,39,28,11,0.28205128205128205,0,0.0,NOT_RUN,0,True,False,,1172.5394999375567
m11-general-vi-unsafe-25,XNLI,general,vi,llmlingua-2,0.7,True,R7_direct_guard,39,28,11,0.28205128205128205,0,0.0,FAIL,0,True,False,,1174.168199999258
m11-general-vi-unsafe-25,XNLI,general,vi,llmlingua-2,0.7,True,R8_api_guard,39,28,11,0.28205128205128205,0,0.0,FAIL,0,True,False,,1175.6235999055207
m11-general-vi-unsafe-25,XNLI,general,vi,llmlingua-2,0.7,True,R9_direct_api_guard,39,28,11,0.28205128205128205,0,0.0,FAIL,0,True,False,,2348.1630998430774
m11-academic-vi-unsafe-23,SciFact,academic,vi,llmlingua-2,0.7,True,R6_direct_compressor,543,543,0,0.0,0,0.0,NOT_RUN,5,True,True,MODEL_MAX_INPUT_TOKENS_512,0.0
m11-academic-vi-unsafe-23,SciFact,academic,vi,llmlingua-2,0.7,True,R7_direct_guard,543,543,0,0.0,0,0.0,PASS,5,True,True,MODEL_MAX_INPUT_TOKENS_512,24.900500080548227
m11-academic-vi-unsafe-23,SciFact,academic,vi,llmlingua-2,0.7,True,R8_api_guard,543,543,0,0.0,0,0.0,PASS,5,True,True,MODEL_MAX_INPUT_TOKENS_512,26.67510008905083
m11-academic-vi-unsafe-23,SciFact,academic,vi,llmlingua-2,0.7,True,R9_direct_api_guard,543,543,0,0.0,0,0.0,PASS,5,True,True,MODEL_MAX_INPUT_TOKENS_512,26.67510008905083
m11-business-en-unsafe-20,ContractNLI,business,en,llmlingua-2,0.7,True,R6_direct_compressor,520,520,0,0.0,0,0.0,NOT_RUN,15,True,True,MODEL_MAX_INPUT_TOKENS_512,0.0
m11-business-en-unsafe-20,ContractNLI,business,en,llmlingua-2,0.7,True,R7_direct_guard,520,520,0,0.0,0,0.0,PASS,15,True,True,MODEL_MAX_INPUT_TOKENS_512,18.677299958653748
m11-business-en-unsafe-20,ContractNLI,business,en,llmlingua-2,0.7,True,R8_api_guard,520,520,0,0.0,0,0.0,PASS,15,True,True,MODEL_MAX_INPUT_TOKENS_512,20.580300013534725
m11-business-en-unsafe-20,ContractNLI,business,en,llmlingua-2,0.7,True,R9_direct_api_guard,520,520,0,0.0,0,0.0,PASS,15,True,True,MODEL_MAX_INPUT_TOKENS_512,20.580300013534725
